/*M!999999\- enable the sandbox mode */ 
-- MariaDB dump 10.19  Distrib 10.11.11-MariaDB, for Linux (x86_64)
--
-- Host: localhost    Database: simp
-- ------------------------------------------------------
-- Server version	10.11.11-MariaDB

/*!40101 SET @OLD_CHARACTER_SET_CLIENT=@@CHARACTER_SET_CLIENT */;
/*!40101 SET @OLD_CHARACTER_SET_RESULTS=@@CHARACTER_SET_RESULTS */;
/*!40101 SET @OLD_COLLATION_CONNECTION=@@COLLATION_CONNECTION */;
/*!40101 SET NAMES utf8mb4 */;
/*!40103 SET @OLD_TIME_ZONE=@@TIME_ZONE */;
/*!40103 SET TIME_ZONE='+00:00' */;
/*!40014 SET @OLD_UNIQUE_CHECKS=@@UNIQUE_CHECKS, UNIQUE_CHECKS=0 */;
/*!40014 SET @OLD_FOREIGN_KEY_CHECKS=@@FOREIGN_KEY_CHECKS, FOREIGN_KEY_CHECKS=0 */;
/*!40101 SET @OLD_SQL_MODE=@@SQL_MODE, SQL_MODE='NO_AUTO_VALUE_ON_ZERO' */;
/*!40111 SET @OLD_SQL_NOTES=@@SQL_NOTES, SQL_NOTES=0 */;

--
-- Table structure for table `biaya_pemesanan_produk`
--

DROP TABLE IF EXISTS `biaya_pemesanan_produk`;
/*!40101 SET @saved_cs_client     = @@character_set_client */;
/*!40101 SET character_set_client = utf8mb4 */;
CREATE TABLE `biaya_pemesanan_produk` (
  `id` bigint(20) unsigned NOT NULL AUTO_INCREMENT,
  `id_produk` bigint(20) unsigned NOT NULL,
  `biaya` decimal(10,2) NOT NULL DEFAULT 0.00,
  `created_at` timestamp NULL DEFAULT NULL,
  `updated_at` timestamp NULL DEFAULT NULL,
  PRIMARY KEY (`id`),
  KEY `biaya_pemesanan_produk_id_produk_foreign` (`id_produk`),
  CONSTRAINT `biaya_pemesanan_produk_id_produk_foreign` FOREIGN KEY (`id_produk`) REFERENCES `produk` (`id`) ON DELETE CASCADE
) ENGINE=InnoDB AUTO_INCREMENT=90 DEFAULT CHARSET=utf8mb4 COLLATE=utf8mb4_unicode_ci;
/*!40101 SET character_set_client = @saved_cs_client */;

--
-- Dumping data for table `biaya_pemesanan_produk`
--

LOCK TABLES `biaya_pemesanan_produk` WRITE;
/*!40000 ALTER TABLE `biaya_pemesanan_produk` DISABLE KEYS */;
INSERT INTO `biaya_pemesanan_produk` VALUES
(2,2,900000.00,'2025-06-08 06:08:34','2025-06-14 00:21:18'),
(3,3,900000.00,'2025-06-08 06:11:36','2025-06-12 00:31:42'),
(4,4,900000.00,'2025-06-08 06:16:05','2025-06-12 00:33:08'),
(5,5,900000.00,'2025-06-08 06:20:49','2025-06-14 00:23:38'),
(6,6,900000.00,'2025-06-08 08:00:46','2025-06-11 23:50:07'),
(7,7,900000.00,'2025-06-08 08:02:57','2025-06-14 00:25:38'),
(8,8,900000.00,'2025-06-08 08:07:18','2025-06-14 00:11:46'),
(9,9,900000.00,'2025-06-08 08:09:28','2025-06-14 00:26:52'),
(10,10,900000.00,'2025-06-08 08:11:38','2025-06-11 23:55:40'),
(11,11,900000.00,'2025-06-08 08:18:39','2025-06-12 00:43:29'),
(12,12,900000.00,'2025-06-08 08:22:03','2025-06-11 23:38:16'),
(13,13,900000.00,'2025-06-08 08:24:13','2025-06-13 23:43:57'),
(14,14,900000.00,'2025-06-08 08:27:04','2025-06-11 23:59:12'),
(15,15,900000.00,'2025-06-08 08:30:38','2025-06-11 23:57:07'),
(16,16,900000.00,'2025-06-08 10:49:30','2025-06-11 23:58:46'),
(17,17,900000.00,'2025-06-08 10:51:14','2025-06-14 00:28:26'),
(18,18,900000.00,'2025-06-08 10:52:33','2025-06-14 00:29:06'),
(19,19,900000.00,'2025-06-08 10:54:00','2025-06-13 23:48:10'),
(20,20,900000.00,'2025-06-08 10:56:19','2025-06-14 00:31:22'),
(22,22,900000.00,'2025-06-08 11:00:26','2025-06-12 00:49:52'),
(23,23,900000.00,'2025-06-08 11:02:09','2025-06-12 00:48:14'),
(24,24,900000.00,'2025-06-08 11:04:55','2025-06-12 00:40:29'),
(25,25,900000.00,'2025-06-08 11:07:20','2025-06-14 00:33:05'),
(26,26,900000.00,'2025-06-08 11:09:12','2025-06-11 23:53:53'),
(27,27,900000.00,'2025-06-08 11:11:37','2025-06-14 00:01:38'),
(28,28,900000.00,'2025-06-08 11:14:14','2025-06-13 23:49:31'),
(29,29,900000.00,'2025-06-08 11:17:34','2025-06-11 23:48:46'),
(30,30,900000.00,'2025-06-08 11:20:05','2025-06-12 00:46:22'),
(31,31,900000.00,'2025-06-08 11:21:40','2025-06-12 00:45:10'),
(33,33,900000.00,'2025-06-08 11:27:17','2025-06-12 00:37:17'),
(34,34,900000.00,'2025-06-08 11:29:22','2025-06-12 00:41:28'),
(35,35,900000.00,'2025-06-08 11:31:03','2025-06-14 00:34:44'),
(36,36,900000.00,'2025-06-08 11:33:08','2025-06-11 23:22:12'),
(37,37,900000.00,'2025-06-08 11:34:53','2025-06-11 23:26:14'),
(38,38,900000.00,'2025-06-08 11:36:49','2025-06-11 23:27:55'),
(39,39,900000.00,'2025-06-08 11:38:15','2025-06-11 23:24:56'),
(40,40,900000.00,'2025-06-08 11:39:49','2025-06-24 10:55:14'),
(41,41,900000.00,'2025-06-08 11:41:55','2025-06-14 00:05:45'),
(42,42,900000.00,'2025-06-08 11:43:43','2025-06-11 23:19:35'),
(43,43,900000.00,'2025-06-08 11:46:08','2025-06-11 23:18:40'),
(44,44,900000.00,'2025-06-08 11:48:06','2025-06-11 23:15:41'),
(45,45,900000.00,'2025-06-08 20:36:42','2025-06-14 00:03:34'),
(46,46,900000.00,'2025-06-08 20:38:19','2025-06-14 00:36:52'),
(47,47,900000.00,'2025-06-08 20:39:59','2025-06-14 00:37:21'),
(48,48,900000.00,'2025-06-08 20:41:11','2025-06-11 23:35:55'),
(49,49,900000.00,'2025-06-08 20:42:24','2025-06-11 23:37:05'),
(50,50,900000.00,'2025-06-08 20:44:19','2025-06-12 00:06:34'),
(51,51,900000.00,'2025-06-08 20:45:41','2025-06-12 00:07:27'),
(52,52,900000.00,'2025-06-08 20:47:13','2025-06-12 00:12:32'),
(54,54,900000.00,'2025-06-08 20:51:46','2025-06-12 00:02:44'),
(55,55,900000.00,'2025-06-08 20:53:04','2025-06-12 00:04:12'),
(56,56,900000.00,'2025-06-08 20:54:42','2025-06-12 00:05:07'),
(57,57,900000.00,'2025-06-08 20:56:06','2025-06-14 00:04:27'),
(58,58,900000.00,'2025-06-08 20:57:12','2025-06-14 00:38:41'),
(59,59,900000.00,'2025-06-08 20:59:33','2025-06-11 23:44:37'),
(60,60,900000.00,'2025-06-08 21:00:57','2025-06-11 23:42:56'),
(61,61,900000.00,'2025-06-08 21:02:46','2025-06-14 00:41:03'),
(62,62,900000.00,'2025-06-08 21:04:49','2025-06-14 00:42:30'),
(63,63,900000.00,'2025-06-08 21:06:55','2025-06-14 00:43:49'),
(65,65,900000.00,'2025-06-08 21:10:26','2025-06-14 00:00:28'),
(66,66,900000.00,'2025-06-08 21:13:08','2025-06-14 00:44:59'),
(67,67,900000.00,'2025-06-08 21:15:14','2025-06-14 00:08:44'),
(68,68,9000000.00,'2025-06-08 21:17:07','2025-06-13 23:46:14'),
(69,69,900000.00,'2025-06-08 21:19:02','2025-06-11 23:52:52'),
(70,70,900000.00,'2025-06-08 21:21:12','2025-06-14 00:46:14'),
(71,71,900000.00,'2025-06-08 21:22:38','2025-06-14 00:48:08'),
(72,72,900000.00,'2025-06-08 21:24:52','2025-06-12 00:38:31'),
(73,73,900000.00,'2025-06-10 03:39:45','2025-06-12 00:00:47'),
(74,74,900000.00,'2025-06-10 03:45:38','2025-06-12 00:13:29'),
(75,75,900000.00,'2025-06-10 03:52:15','2025-06-13 23:56:45'),
(76,76,900000.00,'2025-06-10 03:59:15','2025-06-11 23:51:33'),
(77,77,900000.00,'2025-06-10 04:02:32','2025-06-12 00:35:44'),
(78,78,900000.00,'2025-06-13 07:38:29','2025-06-14 00:49:05'),
(79,79,900000.00,'2025-06-13 07:40:34','2025-06-13 23:59:08'),
(80,80,900000.00,'2025-06-13 07:42:44','2025-06-15 06:22:50'),
(81,81,900000.00,'2025-06-13 07:49:32','2025-06-14 00:51:23'),
(82,82,900000.00,'2025-06-13 07:51:18','2025-06-14 00:52:58'),
(83,83,900000.00,'2025-06-15 07:47:29','2025-06-15 14:51:31'),
(84,84,900000.00,'2025-06-15 07:50:02','2025-06-15 14:50:14'),
(85,85,900000.00,'2025-06-15 07:52:09','2025-06-15 14:48:06'),
(86,86,900000.00,'2025-06-24 23:08:23','2025-06-26 00:18:11'),
(87,87,900000.00,'2025-07-16 02:29:33','2025-07-16 02:29:33'),
(88,88,10000.00,'2025-07-23 00:50:49','2025-07-23 00:50:49'),
(89,89,9000000.00,'2025-07-23 00:53:20','2025-07-23 00:55:54');
/*!40000 ALTER TABLE `biaya_pemesanan_produk` ENABLE KEYS */;
UNLOCK TABLES;

--
-- Table structure for table `biaya_penyimpanan_produk`
--

DROP TABLE IF EXISTS `biaya_penyimpanan_produk`;
/*!40101 SET @saved_cs_client     = @@character_set_client */;
/*!40101 SET character_set_client = utf8mb4 */;
CREATE TABLE `biaya_penyimpanan_produk` (
  `id` bigint(20) unsigned NOT NULL AUTO_INCREMENT,
  `id_produk` bigint(20) unsigned NOT NULL,
  `biaya` decimal(10,2) NOT NULL DEFAULT 0.00,
  `created_at` timestamp NULL DEFAULT NULL,
  `updated_at` timestamp NULL DEFAULT NULL,
  PRIMARY KEY (`id`),
  KEY `biaya_penyimpanan_produk_id_produk_foreign` (`id_produk`),
  CONSTRAINT `biaya_penyimpanan_produk_id_produk_foreign` FOREIGN KEY (`id_produk`) REFERENCES `produk` (`id`) ON DELETE CASCADE
) ENGINE=InnoDB AUTO_INCREMENT=90 DEFAULT CHARSET=utf8mb4 COLLATE=utf8mb4_unicode_ci;
/*!40101 SET character_set_client = @saved_cs_client */;

--
-- Dumping data for table `biaya_penyimpanan_produk`
--

LOCK TABLES `biaya_penyimpanan_produk` WRITE;
/*!40000 ALTER TABLE `biaya_penyimpanan_produk` DISABLE KEYS */;
INSERT INTO `biaya_penyimpanan_produk` VALUES
(2,2,100000.00,'2025-06-08 06:08:34','2025-06-14 00:21:18'),
(3,3,100000.00,'2025-06-08 06:11:36','2025-06-12 00:31:42'),
(4,4,100000.00,'2025-06-08 06:16:05','2025-06-12 00:33:08'),
(5,5,100000.00,'2025-06-08 06:20:49','2025-06-14 00:23:38'),
(6,6,100000.00,'2025-06-08 08:00:46','2025-06-11 23:50:07'),
(7,7,100000.00,'2025-06-08 08:02:57','2025-06-14 00:25:38'),
(8,8,100000.00,'2025-06-08 08:07:18','2025-06-14 00:11:46'),
(9,9,100000.00,'2025-06-08 08:09:28','2025-06-14 00:26:52'),
(10,10,100000.00,'2025-06-08 08:11:38','2025-06-11 23:55:40'),
(11,11,100000.00,'2025-06-08 08:18:39','2025-06-12 00:43:29'),
(12,12,100000.00,'2025-06-08 08:22:03','2025-06-11 23:38:16'),
(13,13,100000.00,'2025-06-08 08:24:13','2025-06-13 23:43:57'),
(14,14,100000.00,'2025-06-08 08:27:04','2025-06-11 23:59:12'),
(15,15,100000.00,'2025-06-08 08:30:38','2025-06-11 23:57:07'),
(16,16,100000.00,'2025-06-08 10:49:30','2025-06-11 23:58:46'),
(17,17,100000.00,'2025-06-08 10:51:14','2025-06-14 00:28:26'),
(18,18,100000.00,'2025-06-08 10:52:33','2025-06-14 00:29:06'),
(19,19,100000.00,'2025-06-08 10:54:00','2025-06-13 23:48:10'),
(20,20,100000.00,'2025-06-08 10:56:19','2025-06-14 00:31:22'),
(22,22,100000.00,'2025-06-08 11:00:26','2025-06-12 00:49:52'),
(23,23,100000.00,'2025-06-08 11:02:09','2025-06-12 00:48:14'),
(24,24,100000.00,'2025-06-08 11:04:55','2025-06-12 00:40:29'),
(25,25,100000.00,'2025-06-08 11:07:20','2025-06-14 00:33:05'),
(26,26,100000.00,'2025-06-08 11:09:12','2025-06-11 23:53:53'),
(27,27,100000.00,'2025-06-08 11:11:37','2025-06-14 00:01:38'),
(28,28,100000.00,'2025-06-08 11:14:14','2025-06-13 23:49:31'),
(29,29,100000.00,'2025-06-08 11:17:34','2025-06-11 23:48:46'),
(30,30,100000.00,'2025-06-08 11:20:05','2025-06-12 00:46:22'),
(31,31,100000.00,'2025-06-08 11:21:40','2025-06-12 00:45:10'),
(33,33,100000.00,'2025-06-08 11:27:17','2025-06-12 00:37:17'),
(34,34,100000.00,'2025-06-08 11:29:22','2025-06-12 00:41:28'),
(35,35,100000.00,'2025-06-08 11:31:03','2025-06-14 00:34:44'),
(36,36,100000.00,'2025-06-08 11:33:08','2025-06-11 23:22:12'),
(37,37,100000.00,'2025-06-08 11:34:53','2025-06-11 23:26:14'),
(38,38,100000.00,'2025-06-08 11:36:49','2025-06-11 23:27:55'),
(39,39,100000.00,'2025-06-08 11:38:15','2025-06-11 23:24:56'),
(40,40,100000.00,'2025-06-08 11:39:49','2025-06-24 10:55:14'),
(41,41,100000.00,'2025-06-08 11:41:55','2025-06-14 00:05:45'),
(42,42,100000.00,'2025-06-08 11:43:43','2025-06-11 23:19:35'),
(43,43,100000.00,'2025-06-08 11:46:08','2025-06-11 23:18:40'),
(44,44,100000.00,'2025-06-08 11:48:06','2025-06-11 23:15:41'),
(45,45,100000.00,'2025-06-08 20:36:42','2025-06-14 00:03:34'),
(46,46,100000.00,'2025-06-08 20:38:19','2025-06-14 00:36:52'),
(47,47,100000.00,'2025-06-08 20:39:59','2025-06-14 00:37:21'),
(48,48,100000.00,'2025-06-08 20:41:11','2025-06-11 23:35:55'),
(49,49,100000.00,'2025-06-08 20:42:24','2025-06-11 23:37:05'),
(50,50,100000.00,'2025-06-08 20:44:19','2025-06-12 00:06:34'),
(51,51,100000.00,'2025-06-08 20:45:41','2025-06-12 00:07:27'),
(52,52,100000.00,'2025-06-08 20:47:13','2025-06-12 00:12:32'),
(54,54,100000.00,'2025-06-08 20:51:46','2025-06-12 00:02:44'),
(55,55,100000.00,'2025-06-08 20:53:04','2025-06-12 00:04:12'),
(56,56,100000.00,'2025-06-08 20:54:42','2025-06-12 00:05:07'),
(57,57,100000.00,'2025-06-08 20:56:06','2025-06-14 00:04:27'),
(58,58,100000.00,'2025-06-08 20:57:12','2025-06-14 00:38:41'),
(59,59,100000.00,'2025-06-08 20:59:33','2025-06-11 23:44:37'),
(60,60,100000.00,'2025-06-08 21:00:57','2025-06-11 23:42:56'),
(61,61,100000.00,'2025-06-08 21:02:46','2025-06-14 00:41:03'),
(62,62,100000.00,'2025-06-08 21:04:49','2025-06-14 00:42:30'),
(63,63,100000.00,'2025-06-08 21:06:55','2025-06-14 00:43:49'),
(65,65,100000.00,'2025-06-08 21:10:26','2025-06-14 00:00:28'),
(66,66,100000.00,'2025-06-08 21:13:08','2025-06-14 00:44:59'),
(67,67,100000.00,'2025-06-08 21:15:14','2025-06-14 00:08:44'),
(68,68,100000.00,'2025-06-08 21:17:07','2025-06-13 23:46:14'),
(69,69,100000.00,'2025-06-08 21:19:02','2025-06-11 23:52:52'),
(70,70,100000.00,'2025-06-08 21:21:12','2025-06-14 00:46:14'),
(71,71,100000.00,'2025-06-08 21:22:38','2025-06-14 00:48:08'),
(72,72,100000.00,'2025-06-08 21:24:52','2025-06-12 00:38:31'),
(73,73,100000.00,'2025-06-10 03:39:45','2025-06-12 00:00:47'),
(74,74,100000.00,'2025-06-10 03:45:38','2025-06-12 00:13:29'),
(75,75,100000.00,'2025-06-10 03:52:15','2025-06-13 23:56:45'),
(76,76,100000.00,'2025-06-10 03:59:15','2025-06-11 23:51:33'),
(77,77,100000.00,'2025-06-10 04:02:32','2025-06-12 00:35:44'),
(78,78,100000.00,'2025-06-13 07:38:29','2025-06-14 00:49:05'),
(79,79,100000.00,'2025-06-13 07:40:34','2025-06-13 23:59:08'),
(80,80,100000.00,'2025-06-13 07:42:44','2025-06-15 06:22:50'),
(81,81,100000.00,'2025-06-13 07:49:32','2025-06-14 00:51:23'),
(82,82,100000.00,'2025-06-13 07:51:18','2025-06-14 00:52:58'),
(83,83,100000.00,'2025-06-15 07:47:29','2025-06-15 14:51:31'),
(84,84,100000.00,'2025-06-15 07:50:02','2025-06-15 14:50:14'),
(85,85,100000.00,'2025-06-15 07:52:09','2025-06-15 14:48:06'),
(86,86,100000.00,'2025-06-24 23:08:23','2025-06-26 00:18:11'),
(87,87,100000.00,'2025-07-16 02:29:33','2025-07-16 02:29:33'),
(88,88,90000.00,'2025-07-23 00:50:49','2025-07-23 00:50:49'),
(89,89,1000000.00,'2025-07-23 00:53:20','2025-07-23 00:55:54');
/*!40000 ALTER TABLE `biaya_penyimpanan_produk` ENABLE KEYS */;
UNLOCK TABLES;

--
-- Table structure for table `cache`
--

DROP TABLE IF EXISTS `cache`;
/*!40101 SET @saved_cs_client     = @@character_set_client */;
/*!40101 SET character_set_client = utf8mb4 */;
CREATE TABLE `cache` (
  `key` varchar(255) NOT NULL,
  `value` mediumtext NOT NULL,
  `expiration` int(11) NOT NULL,
  PRIMARY KEY (`key`)
) ENGINE=InnoDB DEFAULT CHARSET=utf8mb4 COLLATE=utf8mb4_unicode_ci;
/*!40101 SET character_set_client = @saved_cs_client */;

--
-- Dumping data for table `cache`
--

LOCK TABLES `cache` WRITE;
/*!40000 ALTER TABLE `cache` DISABLE KEYS */;
/*!40000 ALTER TABLE `cache` ENABLE KEYS */;
UNLOCK TABLES;

--
-- Table structure for table `cache_locks`
--

DROP TABLE IF EXISTS `cache_locks`;
/*!40101 SET @saved_cs_client     = @@character_set_client */;
/*!40101 SET character_set_client = utf8mb4 */;
CREATE TABLE `cache_locks` (
  `key` varchar(255) NOT NULL,
  `owner` varchar(255) NOT NULL,
  `expiration` int(11) NOT NULL,
  PRIMARY KEY (`key`)
) ENGINE=InnoDB DEFAULT CHARSET=utf8mb4 COLLATE=utf8mb4_unicode_ci;
/*!40101 SET character_set_client = @saved_cs_client */;

--
-- Dumping data for table `cache_locks`
--

LOCK TABLES `cache_locks` WRITE;
/*!40000 ALTER TABLE `cache_locks` DISABLE KEYS */;
/*!40000 ALTER TABLE `cache_locks` ENABLE KEYS */;
UNLOCK TABLES;

--
-- Table structure for table `failed_jobs`
--

DROP TABLE IF EXISTS `failed_jobs`;
/*!40101 SET @saved_cs_client     = @@character_set_client */;
/*!40101 SET character_set_client = utf8mb4 */;
CREATE TABLE `failed_jobs` (
  `id` bigint(20) unsigned NOT NULL AUTO_INCREMENT,
  `uuid` varchar(255) NOT NULL,
  `connection` text NOT NULL,
  `queue` text NOT NULL,
  `payload` longtext NOT NULL,
  `exception` longtext NOT NULL,
  `failed_at` timestamp NOT NULL DEFAULT current_timestamp(),
  PRIMARY KEY (`id`),
  UNIQUE KEY `failed_jobs_uuid_unique` (`uuid`)
) ENGINE=InnoDB DEFAULT CHARSET=utf8mb4 COLLATE=utf8mb4_unicode_ci;
/*!40101 SET character_set_client = @saved_cs_client */;

--
-- Dumping data for table `failed_jobs`
--

LOCK TABLES `failed_jobs` WRITE;
/*!40000 ALTER TABLE `failed_jobs` DISABLE KEYS */;
/*!40000 ALTER TABLE `failed_jobs` ENABLE KEYS */;
UNLOCK TABLES;

--
-- Table structure for table `job_batches`
--

DROP TABLE IF EXISTS `job_batches`;
/*!40101 SET @saved_cs_client     = @@character_set_client */;
/*!40101 SET character_set_client = utf8mb4 */;
CREATE TABLE `job_batches` (
  `id` varchar(255) NOT NULL,
  `name` varchar(255) NOT NULL,
  `total_jobs` int(11) NOT NULL,
  `pending_jobs` int(11) NOT NULL,
  `failed_jobs` int(11) NOT NULL,
  `failed_job_ids` longtext NOT NULL,
  `options` mediumtext DEFAULT NULL,
  `cancelled_at` int(11) DEFAULT NULL,
  `created_at` int(11) NOT NULL,
  `finished_at` int(11) DEFAULT NULL,
  PRIMARY KEY (`id`)
) ENGINE=InnoDB DEFAULT CHARSET=utf8mb4 COLLATE=utf8mb4_unicode_ci;
/*!40101 SET character_set_client = @saved_cs_client */;

--
-- Dumping data for table `job_batches`
--

LOCK TABLES `job_batches` WRITE;
/*!40000 ALTER TABLE `job_batches` DISABLE KEYS */;
/*!40000 ALTER TABLE `job_batches` ENABLE KEYS */;
UNLOCK TABLES;

--
-- Table structure for table `jobs`
--

DROP TABLE IF EXISTS `jobs`;
/*!40101 SET @saved_cs_client     = @@character_set_client */;
/*!40101 SET character_set_client = utf8mb4 */;
CREATE TABLE `jobs` (
  `id` bigint(20) unsigned NOT NULL AUTO_INCREMENT,
  `queue` varchar(255) NOT NULL,
  `payload` longtext NOT NULL,
  `attempts` tinyint(3) unsigned NOT NULL,
  `reserved_at` int(10) unsigned DEFAULT NULL,
  `available_at` int(10) unsigned NOT NULL,
  `created_at` int(10) unsigned NOT NULL,
  PRIMARY KEY (`id`),
  KEY `jobs_queue_index` (`queue`)
) ENGINE=InnoDB DEFAULT CHARSET=utf8mb4 COLLATE=utf8mb4_unicode_ci;
/*!40101 SET character_set_client = @saved_cs_client */;

--
-- Dumping data for table `jobs`
--

LOCK TABLES `jobs` WRITE;
/*!40000 ALTER TABLE `jobs` DISABLE KEYS */;
/*!40000 ALTER TABLE `jobs` ENABLE KEYS */;
UNLOCK TABLES;

--
-- Table structure for table `keranjang_belanja`
--

DROP TABLE IF EXISTS `keranjang_belanja`;
/*!40101 SET @saved_cs_client     = @@character_set_client */;
/*!40101 SET character_set_client = utf8mb4 */;
CREATE TABLE `keranjang_belanja` (
  `id` bigint(20) unsigned NOT NULL AUTO_INCREMENT,
  `id_reseller` bigint(20) unsigned NOT NULL,
  `created_at` timestamp NULL DEFAULT NULL,
  `updated_at` timestamp NULL DEFAULT NULL,
  PRIMARY KEY (`id`),
  KEY `keranjang_belanja_id_reseller_foreign` (`id_reseller`),
  CONSTRAINT `keranjang_belanja_id_reseller_foreign` FOREIGN KEY (`id_reseller`) REFERENCES `reseller` (`id`) ON DELETE CASCADE
) ENGINE=InnoDB AUTO_INCREMENT=2 DEFAULT CHARSET=utf8mb4 COLLATE=utf8mb4_unicode_ci;
/*!40101 SET character_set_client = @saved_cs_client */;

--
-- Dumping data for table `keranjang_belanja`
--

LOCK TABLES `keranjang_belanja` WRITE;
/*!40000 ALTER TABLE `keranjang_belanja` DISABLE KEYS */;
INSERT INTO `keranjang_belanja` VALUES
(1,1,'2025-07-29 23:50:07','2025-07-29 23:50:07');
/*!40000 ALTER TABLE `keranjang_belanja` ENABLE KEYS */;
UNLOCK TABLES;

--
-- Table structure for table `migrations`
--

DROP TABLE IF EXISTS `migrations`;
/*!40101 SET @saved_cs_client     = @@character_set_client */;
/*!40101 SET character_set_client = utf8mb4 */;
CREATE TABLE `migrations` (
  `id` int(10) unsigned NOT NULL AUTO_INCREMENT,
  `migration` varchar(255) NOT NULL,
  `batch` int(11) NOT NULL,
  PRIMARY KEY (`id`)
) ENGINE=InnoDB AUTO_INCREMENT=15 DEFAULT CHARSET=utf8mb4 COLLATE=utf8mb4_unicode_ci;
/*!40101 SET character_set_client = @saved_cs_client */;

--
-- Dumping data for table `migrations`
--

LOCK TABLES `migrations` WRITE;
/*!40000 ALTER TABLE `migrations` DISABLE KEYS */;
INSERT INTO `migrations` VALUES
(1,'0001_01_01_000001_create_cache_table',1),
(2,'0001_01_01_000002_create_jobs_table',1),
(3,'2025_02_16_041446_create_users_table',1),
(4,'2025_02_16_050305_create_sessions_table',1),
(5,'2025_02_16_092346_create_produk_table',1),
(6,'2025_03_03_065359_create_mutasi_table',1),
(7,'2025_04_30_124735_create_restock_table',1),
(8,'2025_05_07_140439_create_biaya_pemesanan_table',1),
(9,'2025_05_07_140447_create_biaya_penyimpanan_table',1),
(10,'2025_05_07_155322_create_persediaan_table',1),
(11,'2025_06_24_060545_create_reseller_table',1),
(12,'2025_06_25_085349_create_keranjang_table',1),
(13,'2025_06_25_321818_create_transaksi_table',1),
(14,'2025_06_25_443406_create_pesanan_table',1);
/*!40000 ALTER TABLE `migrations` ENABLE KEYS */;
UNLOCK TABLES;

--
-- Table structure for table `mutasi`
--

DROP TABLE IF EXISTS `mutasi`;
/*!40101 SET @saved_cs_client     = @@character_set_client */;
/*!40101 SET character_set_client = utf8mb4 */;
CREATE TABLE `mutasi` (
  `id` bigint(20) unsigned NOT NULL AUTO_INCREMENT,
  `id_produk` bigint(20) unsigned NOT NULL,
  `jumlah` int(11) NOT NULL,
  `tanggal` date NOT NULL DEFAULT '2025-07-30',
  `jenis` enum('masuk','keluar') NOT NULL,
  `keterangan` varchar(255) DEFAULT NULL,
  `satuan` tinyint(1) NOT NULL DEFAULT 0,
  `created_at` timestamp NULL DEFAULT NULL,
  `updated_at` timestamp NULL DEFAULT NULL,
  PRIMARY KEY (`id`),
  KEY `mutasi_id_produk_foreign` (`id_produk`),
  CONSTRAINT `mutasi_id_produk_foreign` FOREIGN KEY (`id_produk`) REFERENCES `produk` (`id`) ON DELETE CASCADE
) ENGINE=InnoDB AUTO_INCREMENT=639 DEFAULT CHARSET=utf8mb4 COLLATE=utf8mb4_unicode_ci;
/*!40101 SET character_set_client = @saved_cs_client */;

--
-- Dumping data for table `mutasi`
--

LOCK TABLES `mutasi` WRITE;
/*!40000 ALTER TABLE `mutasi` DISABLE KEYS */;
INSERT INTO `mutasi` VALUES
(7,11,70,'2025-06-05','masuk',NULL,0,'2025-06-08 21:27:25','2025-06-14 01:03:11'),
(8,65,45,'2025-06-05','masuk',NULL,0,'2025-06-08 21:33:29','2025-06-14 01:03:28'),
(10,39,45,'2025-06-05','masuk',NULL,0,'2025-06-08 21:43:21','2025-06-14 01:13:08'),
(11,36,40,'2025-06-05','masuk',NULL,0,'2025-06-08 21:45:45','2025-06-14 00:56:28'),
(12,37,40,'2025-06-05','masuk',NULL,0,'2025-06-08 21:49:24','2025-06-08 21:49:24'),
(13,38,50,'2025-06-05','masuk',NULL,0,'2025-06-08 21:50:53','2025-06-08 21:50:53'),
(14,42,45,'2025-06-05','masuk',NULL,0,'2025-06-08 21:52:58','2025-06-08 21:52:58'),
(15,43,45,'2025-06-05','masuk',NULL,0,'2025-06-08 21:54:22','2025-06-08 21:54:22'),
(16,44,40,'2025-06-05','masuk',NULL,0,'2025-06-08 21:55:53','2025-06-08 21:55:53'),
(17,46,40,'2025-06-05','masuk',NULL,0,'2025-06-08 22:08:08','2025-06-14 01:13:38'),
(18,46,50,'2025-06-05','masuk',NULL,0,'2025-06-08 22:12:09','2025-06-08 22:12:09'),
(19,15,45,'2025-06-05','masuk',NULL,0,'2025-06-09 01:17:48','2025-06-14 00:57:02'),
(20,14,60,'2025-06-05','masuk',NULL,0,'2025-06-09 01:22:16','2025-06-14 01:08:44'),
(21,68,35,'2025-06-05','masuk',NULL,0,'2025-06-09 01:25:38','2025-06-14 01:04:20'),
(22,13,40,'2025-06-05','masuk',NULL,0,'2025-06-09 01:27:42','2025-06-14 01:04:39'),
(24,22,50,'2025-06-05','masuk',NULL,0,'2025-06-09 01:35:53','2025-06-14 01:05:00'),
(25,28,67,'2025-06-05','masuk',NULL,0,'2025-06-09 01:37:16','2025-06-14 01:05:22'),
(26,29,48,'2025-06-05','masuk',NULL,0,'2025-06-09 01:38:18','2025-06-14 01:05:50'),
(27,26,49,'2025-06-05','masuk',NULL,0,'2025-06-09 01:39:35','2025-06-14 01:06:16'),
(28,52,76,'2025-06-05','masuk',NULL,0,'2025-06-09 01:41:38','2025-06-14 01:06:37'),
(29,31,130,'2025-06-05','masuk',NULL,0,'2025-06-09 01:45:21','2025-06-14 01:01:49'),
(30,30,150,'2025-06-05','masuk',NULL,0,'2025-06-09 01:46:26','2025-06-14 01:02:22'),
(31,27,35,'2025-06-05','masuk',NULL,0,'2025-06-09 01:48:00','2025-06-14 01:00:06'),
(32,50,50,'2025-06-05','masuk',NULL,0,'2025-06-09 01:49:07','2025-06-14 00:59:40'),
(33,75,60,'2025-06-05','masuk',NULL,0,'2025-06-10 03:54:01','2025-06-14 00:58:41'),
(34,76,55,'2025-06-05','masuk',NULL,0,'2025-06-10 04:00:23','2025-06-14 00:58:07'),
(35,77,80,'2025-06-05','masuk',NULL,0,'2025-06-10 04:03:40','2025-06-10 04:03:40'),
(36,74,25,'2025-06-05','masuk',NULL,0,'2025-06-10 04:05:35','2025-06-14 00:57:48'),
(37,74,80,'2025-06-05','masuk',NULL,0,'2025-06-10 04:07:43','2025-06-14 01:02:42'),
(39,14,4,'2025-06-05','keluar','Pengiriman pesanan',0,'2025-06-14 01:25:19','2025-06-14 01:25:19'),
(40,31,6,'2025-06-05','keluar','Pengiriman pesanan',0,'2025-06-14 01:25:19','2025-06-14 01:25:19'),
(41,42,1,'2025-06-05','keluar','Pengiriman pesanan',0,'2025-06-14 01:25:19','2025-06-14 01:25:19'),
(42,38,1,'2025-06-05','keluar','Pengiriman pesanan',0,'2025-06-14 01:25:19','2025-06-14 01:25:19'),
(43,52,3,'2025-06-05','keluar','Pengiriman pesanan',0,'2025-06-14 01:25:19','2025-06-14 01:25:19'),
(44,77,12,'2025-06-05','keluar','Pengiriman pesanan',0,'2025-06-14 01:25:19','2025-06-14 01:25:19'),
(45,81,65,'2025-06-05','masuk',NULL,0,'2025-06-14 01:53:57','2025-06-14 01:53:57'),
(46,11,1,'2025-06-05','keluar','Pengiriman pesanan',0,'2025-06-14 02:05:21','2025-06-14 02:05:21'),
(47,15,4,'2025-06-05','keluar','Pengiriman pesanan',0,'2025-06-14 02:05:21','2025-06-14 02:05:21'),
(49,30,11,'2025-06-05','keluar','Pengiriman pesanan',0,'2025-06-14 02:05:21','2025-06-14 02:05:21'),
(50,36,1,'2025-06-05','keluar','Pengiriman pesanan',0,'2025-06-14 02:05:21','2025-06-14 02:05:21'),
(51,37,1,'2025-06-05','keluar','Pengiriman pesanan',0,'2025-06-14 02:05:21','2025-06-14 02:05:21'),
(52,44,2,'2025-06-05','keluar','Pengiriman pesanan',0,'2025-06-14 02:05:21','2025-06-14 02:05:21'),
(53,19,60,'2025-06-05','masuk',NULL,0,'2025-06-14 23:19:25','2025-06-14 23:19:25'),
(54,78,85,'2025-06-05','masuk',NULL,0,'2025-06-15 06:17:07','2025-06-15 06:17:07'),
(55,6,120,'2025-06-05','masuk',NULL,0,'2025-06-15 06:17:59','2025-06-15 06:17:59'),
(56,79,85,'2025-06-05','masuk',NULL,0,'2025-06-15 06:19:13','2025-06-15 06:19:13'),
(57,80,105,'2025-06-05','masuk',NULL,0,'2025-06-15 06:23:31','2025-06-15 06:23:31'),
(58,3,115,'2025-06-05','masuk',NULL,0,'2025-06-15 06:24:46','2025-06-15 06:24:46'),
(59,67,55,'2025-06-05','masuk',NULL,0,'2025-06-15 06:26:02','2025-06-15 06:26:02'),
(60,15,85,'2025-06-05','masuk',NULL,0,'2025-06-15 06:26:44','2025-06-15 06:26:44'),
(61,9,83,'2025-06-05','masuk',NULL,0,'2025-06-15 07:26:25','2025-06-15 07:26:25'),
(62,47,120,'2025-06-05','masuk',NULL,0,'2025-06-15 07:29:02','2025-06-15 07:29:02'),
(63,46,120,'2025-06-05','masuk',NULL,0,'2025-06-15 07:29:33','2025-06-15 07:29:33'),
(64,24,79,'2025-06-05','masuk',NULL,0,'2025-06-15 07:31:02','2025-06-15 07:31:02'),
(65,66,45,'2025-06-05','masuk',NULL,0,'2025-06-15 07:32:06','2025-06-15 07:32:06'),
(66,10,56,'2025-06-05','masuk',NULL,0,'2025-06-15 07:34:02','2025-06-15 07:34:02'),
(67,23,60,'2025-06-05','masuk',NULL,0,'2025-06-15 07:35:33','2025-06-15 07:35:33'),
(68,8,10,'2025-04-01','masuk',NULL,0,'2025-06-15 14:09:32','2025-06-15 14:09:32'),
(69,6,10,'2025-05-14','keluar',NULL,0,'2025-06-15 14:10:07','2025-06-15 14:10:07'),
(70,2,50,'2025-05-05','masuk',NULL,0,'2025-06-15 20:16:47','2025-06-15 20:16:47'),
(71,3,50,'2025-06-06','masuk',NULL,0,'2025-06-15 20:17:33','2025-06-15 20:17:33'),
(72,40,40,'2025-06-06','masuk',NULL,0,'2025-06-15 20:19:04','2025-06-15 20:19:04'),
(73,40,45,'2025-05-06','masuk',NULL,0,'2025-06-15 20:20:12','2025-06-15 20:20:12'),
(74,40,40,'2025-06-20','masuk',NULL,0,'2025-06-15 20:21:24','2025-06-15 20:21:24'),
(75,40,40,'2025-05-16','masuk',NULL,0,'2025-06-15 20:22:07','2025-06-15 20:22:07'),
(76,40,40,'2025-04-06','masuk',NULL,0,'2025-06-15 20:24:05','2025-06-15 20:24:05'),
(77,40,40,'2025-06-16','masuk',NULL,0,'2025-06-15 20:25:23','2025-06-15 20:25:23'),
(78,40,40,'2025-04-16','masuk',NULL,0,'2025-06-15 20:25:53','2025-06-15 20:25:53'),
(79,40,5,'2025-04-02','keluar',NULL,0,'2025-06-15 20:27:31','2025-06-15 20:27:31'),
(82,40,7,'2025-06-03','keluar',NULL,0,'2025-06-15 20:29:35','2025-06-15 20:29:35'),
(83,40,5,'2025-04-06','keluar',NULL,0,'2025-06-15 20:30:05','2025-06-15 20:30:05'),
(84,40,3,'2025-04-07','keluar',NULL,0,'2025-06-15 20:30:56','2025-06-15 20:30:56'),
(85,40,5,'2025-04-08','keluar',NULL,0,'2025-06-15 20:31:33','2025-06-15 20:31:33'),
(86,40,5,'2025-04-08','keluar',NULL,0,'2025-06-15 20:34:34','2025-06-15 20:34:34'),
(87,40,6,'2025-04-08','keluar',NULL,0,'2025-06-15 20:35:01','2025-06-15 20:35:01'),
(88,40,7,'2025-06-14','keluar',NULL,0,'2025-06-15 20:35:44','2025-06-15 20:35:44'),
(89,40,6,'2025-06-17','keluar',NULL,0,'2025-06-15 20:36:06','2025-06-15 20:36:06'),
(91,40,4,'2025-04-15','keluar',NULL,0,'2025-06-15 20:37:20','2025-06-15 20:37:20'),
(92,40,6,'2025-04-12','keluar',NULL,0,'2025-06-15 20:38:01','2025-06-15 20:38:01'),
(93,40,3,'2025-04-17','keluar',NULL,0,'2025-06-15 20:39:56','2025-06-15 20:39:56'),
(94,40,5,'2025-06-21','keluar',NULL,0,'2025-06-15 20:40:27','2025-06-15 20:40:27'),
(95,40,5,'2025-06-24','keluar',NULL,0,'2025-06-15 20:40:52','2025-06-15 20:40:52'),
(96,40,5,'2025-04-22','keluar',NULL,0,'2025-06-15 20:41:27','2025-06-15 20:41:27'),
(97,40,5,'2025-04-22','keluar',NULL,0,'2025-06-15 20:43:34','2025-06-15 20:43:34'),
(98,40,5,'2025-06-27','keluar',NULL,0,'2025-06-15 20:43:52','2025-06-15 20:43:52'),
(99,40,5,'2025-04-25','keluar',NULL,0,'2025-06-15 20:44:14','2025-06-15 20:44:14'),
(100,40,10,'2025-05-06','keluar',NULL,0,'2025-06-15 20:45:50','2025-06-15 20:45:50'),
(101,40,5,'2025-05-09','keluar',NULL,0,'2025-06-15 20:46:13','2025-06-15 20:46:13'),
(104,40,7,'2025-05-02','keluar',NULL,0,'2025-06-15 20:47:15','2025-06-15 20:47:15'),
(105,40,4,'2025-05-06','keluar',NULL,0,'2025-06-15 20:47:50','2025-06-15 20:47:50'),
(106,40,10,'2025-05-13','keluar',NULL,0,'2025-06-15 20:49:15','2025-06-15 20:49:15'),
(107,40,6,'2025-05-17','keluar',NULL,0,'2025-06-15 20:49:45','2025-06-15 20:49:45'),
(108,40,4,'2025-05-18','keluar',NULL,0,'2025-06-15 20:50:12','2025-06-15 20:50:12'),
(109,40,9,'2025-05-20','keluar',NULL,0,'2025-06-15 20:50:52','2025-06-15 20:50:52'),
(110,40,4,'2025-05-23','keluar',NULL,0,'2025-06-15 20:51:23','2025-06-15 20:51:23'),
(111,40,5,'2025-05-23','keluar',NULL,0,'2025-06-15 20:51:55','2025-06-15 20:51:55'),
(112,40,5,'2025-05-26','keluar',NULL,0,'2025-06-15 20:52:17','2025-06-15 20:52:17'),
(113,40,2,'2025-05-27','keluar',NULL,0,'2025-06-15 20:52:48','2025-06-15 20:52:48'),
(114,40,5,'2025-05-28','keluar',NULL,0,'2025-06-15 20:53:11','2025-06-15 20:53:11'),
(115,40,2,'2025-05-28','keluar',NULL,0,'2025-06-15 20:53:39','2025-06-15 20:53:39'),
(116,40,5,'2025-05-30','keluar',NULL,0,'2025-06-15 20:54:03','2025-06-15 20:54:03'),
(117,44,40,'2025-04-06','masuk',NULL,0,'2025-06-15 20:56:04','2025-06-15 20:56:04'),
(118,44,30,'2025-04-16','masuk',NULL,0,'2025-06-15 20:57:05','2025-06-15 20:57:05'),
(119,44,25,'2025-04-25','masuk',NULL,0,'2025-06-15 20:57:54','2025-06-15 20:57:54'),
(120,44,40,'2025-05-06','masuk',NULL,0,'2025-06-15 20:58:37','2025-06-15 20:58:37'),
(122,44,15,'2025-04-04','keluar',NULL,0,'2025-06-15 20:59:56','2025-06-15 20:59:56'),
(123,44,15,'2025-04-08','keluar',NULL,0,'2025-06-15 21:00:28','2025-06-15 21:00:28'),
(124,44,20,'2025-04-18','keluar',NULL,0,'2025-06-15 21:01:02','2025-06-15 21:01:02'),
(125,44,10,'2025-04-28','keluar',NULL,0,'2025-06-15 21:03:29','2025-06-15 21:03:29'),
(126,44,5,'2025-04-23','keluar',NULL,0,'2025-06-15 21:04:03','2025-06-15 21:04:03'),
(127,44,8,'2025-04-25','keluar',NULL,0,'2025-06-15 21:04:40','2025-06-15 21:04:40'),
(128,40,6,'2025-04-24','keluar',NULL,0,'2025-06-15 21:05:35','2025-06-15 21:05:35'),
(129,44,15,'2025-05-02','keluar',NULL,0,'2025-06-15 21:08:30','2025-06-15 21:08:30'),
(130,44,10,'2025-05-03','keluar',NULL,0,'2025-06-15 21:08:54','2025-06-15 21:08:54'),
(131,44,5,'2025-05-05','keluar',NULL,0,'2025-06-15 21:09:23','2025-06-15 21:09:23'),
(132,44,12,'2025-05-10','keluar',NULL,0,'2025-06-15 21:09:52','2025-06-15 21:09:52'),
(133,44,10,'2025-05-18','keluar',NULL,0,'2025-06-15 21:10:13','2025-06-15 21:10:13'),
(136,44,6,'2025-05-30','keluar',NULL,0,'2025-06-15 21:12:22','2025-06-15 21:12:22'),
(138,44,4,'2025-05-25','keluar',NULL,0,'2025-06-15 21:13:07','2025-06-15 21:13:07'),
(139,44,6,'2025-05-23','keluar',NULL,0,'2025-06-15 21:14:17','2025-06-15 21:14:17'),
(140,44,10,'2025-05-24','keluar',NULL,0,'2025-06-15 21:14:51','2025-06-15 21:14:51'),
(141,44,10,'2025-05-29','keluar',NULL,0,'2025-06-15 21:16:00','2025-06-15 21:16:00'),
(142,43,40,'2025-04-06','masuk',NULL,0,'2025-06-15 21:21:08','2025-06-15 21:21:08'),
(143,43,40,'2025-04-16','masuk',NULL,0,'2025-06-15 21:21:36','2025-06-15 21:21:36'),
(144,43,40,'2025-05-06','masuk',NULL,0,'2025-06-15 21:22:16','2025-06-15 21:22:16'),
(145,43,45,'2025-05-16','masuk',NULL,0,'2025-06-15 21:22:46','2025-06-15 21:22:46'),
(146,43,10,'2025-04-02','keluar',NULL,0,'2025-06-15 21:23:33','2025-06-15 21:23:33'),
(147,43,5,'2025-04-04','keluar',NULL,0,'2025-06-15 21:23:54','2025-06-15 21:23:54'),
(148,43,12,'2025-04-07','keluar',NULL,0,'2025-06-15 21:24:21','2025-06-15 21:24:21'),
(149,43,5,'2025-04-11','keluar',NULL,0,'2025-06-15 21:24:44','2025-06-15 21:24:44'),
(150,43,8,'2025-04-12','keluar',NULL,0,'2025-06-15 21:25:06','2025-06-15 21:25:06'),
(151,43,15,'2025-04-14','keluar',NULL,0,'2025-06-15 21:25:34','2025-06-15 21:25:34'),
(153,43,14,'2025-05-09','keluar',NULL,0,'2025-06-15 21:27:04','2025-06-15 21:27:04'),
(154,43,16,'2025-05-10','keluar',NULL,0,'2025-06-15 21:27:27','2025-06-15 21:27:27'),
(155,43,7,'2025-05-03','keluar',NULL,0,'2025-06-15 21:27:49','2025-06-15 21:27:49'),
(156,43,4,'2025-05-11','keluar',NULL,0,'2025-06-15 21:28:13','2025-06-15 21:28:13'),
(157,43,9,'2025-05-29','keluar',NULL,0,'2025-06-15 21:28:37','2025-06-15 21:28:37'),
(158,43,15,'2025-05-31','keluar',NULL,0,'2025-06-15 21:28:59','2025-06-15 21:28:59'),
(159,43,15,'2025-05-24','keluar',NULL,0,'2025-06-15 21:30:22','2025-06-15 21:30:22'),
(160,43,10,'2025-05-26','keluar',NULL,0,'2025-06-15 21:30:49','2025-06-15 21:30:49'),
(161,40,4,'2025-04-22','keluar',NULL,0,'2025-06-15 21:56:55','2025-06-15 21:56:55'),
(166,44,45,'2025-05-20','masuk',NULL,0,'2025-06-15 22:21:13','2025-06-15 22:21:13'),
(167,36,40,'2025-04-03','masuk',NULL,0,'2025-06-16 04:23:01','2025-06-16 04:23:01'),
(168,36,40,'2025-04-16','masuk',NULL,0,'2025-06-16 04:23:36','2025-06-16 04:23:36'),
(169,36,45,'2025-05-04','masuk',NULL,0,'2025-06-16 04:24:01','2025-06-16 04:24:01'),
(170,36,45,'2025-05-16','masuk',NULL,0,'2025-06-16 04:24:35','2025-06-16 04:24:35'),
(171,36,10,'2025-04-01','keluar',NULL,0,'2025-06-16 04:25:06','2025-06-16 04:25:06'),
(172,36,5,'2025-04-03','keluar',NULL,0,'2025-06-16 04:25:41','2025-06-16 04:25:41'),
(173,36,15,'2025-04-12','keluar',NULL,0,'2025-06-16 04:26:05','2025-06-16 04:26:05'),
(174,36,5,'2025-04-13','keluar',NULL,0,'2025-06-16 04:26:37','2025-06-16 04:26:37'),
(175,36,4,'2025-06-17','keluar',NULL,0,'2025-06-16 04:27:02','2025-06-16 04:27:02'),
(176,36,4,'2025-04-17','keluar',NULL,0,'2025-06-16 04:27:25','2025-06-16 04:27:25'),
(177,36,4,'2025-04-18','keluar',NULL,0,'2025-06-16 04:27:51','2025-06-16 04:27:51'),
(178,36,5,'2025-04-19','keluar',NULL,0,'2025-06-16 04:29:07','2025-06-16 04:29:07'),
(179,36,2,'2025-04-22','keluar',NULL,0,'2025-06-16 04:29:43','2025-06-16 04:29:43'),
(180,36,20,'2025-06-26','keluar',NULL,0,'2025-06-16 04:30:01','2025-06-16 04:30:01'),
(181,36,20,'2025-04-26','keluar',NULL,0,'2025-06-16 04:30:26','2025-06-16 04:30:26'),
(182,36,20,'2025-05-05','keluar',NULL,0,'2025-06-16 04:30:56','2025-06-16 04:30:56'),
(183,36,10,'2025-05-09','keluar',NULL,0,'2025-06-16 04:31:19','2025-06-16 04:31:19'),
(184,36,10,'2025-05-16','keluar',NULL,0,'2025-06-16 04:31:38','2025-06-16 04:31:38'),
(185,36,10,'2025-05-14','keluar',NULL,0,'2025-06-16 04:32:11','2025-06-16 04:32:11'),
(186,36,15,'2025-05-20','keluar',NULL,0,'2025-06-16 04:32:41','2025-06-16 04:32:41'),
(187,36,7,'2025-05-22','keluar',NULL,0,'2025-06-16 04:33:02','2025-06-16 04:33:02'),
(188,36,8,'2025-05-28','keluar',NULL,0,'2025-06-16 04:33:27','2025-06-16 04:33:27'),
(189,29,40,'2025-04-05','masuk',NULL,0,'2025-06-16 04:37:11','2025-06-16 04:37:11'),
(190,29,40,'2025-04-24','masuk',NULL,0,'2025-06-16 04:37:29','2025-06-16 04:37:29'),
(191,29,10,'2025-04-02','keluar',NULL,0,'2025-06-16 04:37:54','2025-06-16 04:37:54'),
(192,29,5,'2025-04-03','keluar',NULL,0,'2025-06-16 04:38:19','2025-06-16 04:38:19'),
(193,39,60,'2025-04-09','masuk',NULL,0,'2025-06-16 04:41:49','2025-06-16 04:41:49'),
(194,39,70,'2025-05-05','masuk',NULL,0,'2025-06-16 04:42:12','2025-06-16 04:42:12'),
(195,39,55,'2025-04-26','keluar',NULL,0,'2025-06-16 04:42:41','2025-06-16 04:42:41'),
(196,39,65,'2025-05-31','keluar',NULL,0,'2025-06-16 04:43:04','2025-06-16 04:43:04'),
(197,37,90,'2025-04-07','masuk',NULL,0,'2025-06-16 04:53:55','2025-06-16 04:53:55'),
(198,37,80,'2025-04-28','keluar',NULL,0,'2025-06-16 04:55:31','2025-06-16 04:55:31'),
(199,37,85,'2025-05-10','masuk',NULL,0,'2025-06-16 04:56:30','2025-06-16 04:56:30'),
(200,37,86,'2025-05-31','keluar',NULL,0,'2025-06-16 04:57:20','2025-06-16 04:57:20'),
(201,38,100,'2025-04-02','masuk',NULL,0,'2025-06-16 04:58:24','2025-06-16 04:58:24'),
(202,38,80,'2025-04-30','keluar',NULL,0,'2025-06-16 04:59:00','2025-06-16 04:59:00'),
(203,38,110,'2025-04-01','masuk',NULL,0,'2025-06-16 04:59:39','2025-06-16 04:59:39'),
(204,38,95,'2025-05-30','keluar',NULL,0,'2025-06-16 05:00:22','2025-06-16 05:00:22'),
(205,78,75,'2025-04-03','masuk',NULL,0,'2025-06-16 05:02:45','2025-06-16 05:02:45'),
(206,78,70,'2025-04-30','keluar',NULL,0,'2025-06-16 05:03:16','2025-06-16 05:03:16'),
(207,78,80,'2025-05-01','masuk',NULL,0,'2025-06-16 05:03:54','2025-06-16 05:03:54'),
(208,78,75,'2025-05-30','keluar',NULL,0,'2025-06-16 05:04:29','2025-06-16 05:04:29'),
(209,76,100,'2025-04-01','masuk',NULL,0,'2025-06-16 05:06:13','2025-06-16 05:06:13'),
(210,76,74,'2025-04-30','keluar',NULL,0,'2025-06-16 05:06:40','2025-06-16 05:06:40'),
(211,76,110,'2025-04-01','masuk',NULL,0,'2025-06-16 05:07:31','2025-06-16 05:07:31'),
(212,76,85,'2025-05-31','keluar',NULL,0,'2025-06-16 05:08:14','2025-06-16 05:08:14'),
(213,26,100,'2025-04-01','masuk',NULL,0,'2025-06-16 05:09:48','2025-06-16 05:09:48'),
(214,26,90,'2025-06-30','keluar',NULL,0,'2025-06-16 05:10:26','2025-06-16 05:10:26'),
(215,26,110,'2025-05-01','masuk',NULL,0,'2025-06-16 05:11:18','2025-06-16 05:11:18'),
(216,26,105,'2025-05-31','keluar',NULL,0,'2025-06-16 05:12:07','2025-06-16 05:12:07'),
(217,15,120,'2025-04-01','masuk',NULL,0,'2025-06-16 05:14:26','2025-06-16 05:14:26'),
(218,15,90,'2025-04-30','keluar',NULL,0,'2025-06-16 05:14:54','2025-06-16 05:14:54'),
(219,15,130,'2025-05-05','masuk',NULL,0,'2025-06-16 05:15:52','2025-06-16 05:15:52'),
(220,15,105,'2025-05-31','keluar',NULL,0,'2025-06-16 05:16:23','2025-06-16 05:16:23'),
(221,16,90,'2025-04-02','masuk',NULL,0,'2025-06-16 05:17:43','2025-06-16 05:17:43'),
(222,16,80,'2025-04-28','keluar',NULL,0,'2025-06-16 05:18:14','2025-06-16 05:18:14'),
(223,16,110,'2025-05-03','masuk',NULL,0,'2025-06-16 05:19:09','2025-06-16 05:19:09'),
(224,16,100,'2025-05-30','keluar',NULL,0,'2025-06-16 05:19:37','2025-06-16 05:19:37'),
(225,50,110,'2025-04-03','masuk',NULL,0,'2025-06-16 05:20:33','2025-06-16 05:20:33'),
(226,50,60,'2025-04-29','keluar',NULL,0,'2025-06-16 05:21:12','2025-06-16 05:21:12'),
(228,50,75,'2025-05-28','keluar',NULL,0,'2025-06-16 05:23:47','2025-06-16 05:23:47'),
(229,52,90,'2025-04-04','masuk',NULL,0,'2025-06-16 05:24:33','2025-06-16 05:24:33'),
(230,52,70,'2025-04-28','keluar',NULL,0,'2025-06-16 05:25:03','2025-06-16 05:25:03'),
(231,52,100,'2025-05-05','masuk',NULL,0,'2025-06-16 05:25:37','2025-06-16 05:25:37'),
(232,52,80,'2025-05-27','keluar',NULL,0,'2025-06-16 05:26:06','2025-06-16 05:26:06'),
(233,74,105,'2025-04-02','masuk',NULL,0,'2025-06-16 05:28:26','2025-06-16 05:28:26'),
(234,74,90,'2025-06-27','keluar',NULL,0,'2025-06-16 05:28:57','2025-06-16 05:28:57'),
(235,74,120,'2025-05-02','masuk',NULL,0,'2025-06-16 05:30:04','2025-06-16 05:30:04'),
(236,74,110,'2025-06-26','keluar',NULL,0,'2025-06-16 05:30:39','2025-06-16 05:30:39'),
(237,19,120,'2025-04-01','masuk',NULL,0,'2025-06-16 05:31:14','2025-06-16 05:31:14'),
(238,19,80,'2025-04-27','keluar',NULL,0,'2025-06-16 05:31:51','2025-06-16 05:31:51'),
(239,19,120,'2025-05-03','masuk',NULL,0,'2025-06-16 05:32:26','2025-06-16 05:32:26'),
(240,19,90,'2025-05-30','keluar',NULL,0,'2025-06-16 05:33:01','2025-06-16 05:33:01'),
(241,3,115,'2025-04-01','masuk',NULL,0,'2025-06-16 05:33:34','2025-06-16 05:33:34'),
(243,3,120,'2025-05-02','masuk',NULL,0,'2025-06-16 05:34:21','2025-06-16 05:34:21'),
(244,3,100,'2025-06-29','keluar',NULL,0,'2025-06-16 05:34:44','2025-06-16 05:34:44'),
(245,77,80,'2025-04-01','masuk',NULL,0,'2025-06-16 05:36:00','2025-06-16 05:36:00'),
(246,77,50,'2025-04-25','keluar',NULL,0,'2025-06-16 05:36:29','2025-06-16 05:36:29'),
(247,77,80,'2025-05-04','masuk',NULL,0,'2025-06-16 05:36:55','2025-06-16 05:36:55'),
(248,77,56,'2025-05-26','keluar',NULL,0,'2025-06-16 05:37:30','2025-06-16 05:37:30'),
(249,24,80,'2025-04-03','masuk',NULL,0,'2025-06-16 05:38:21','2025-06-16 05:38:21'),
(250,24,60,'2025-04-26','keluar',NULL,0,'2025-06-16 05:38:52','2025-06-16 05:38:52'),
(251,72,90,'2025-05-02','masuk',NULL,0,'2025-06-16 05:39:26','2025-06-16 05:39:26'),
(252,24,70,'2025-05-30','keluar',NULL,0,'2025-06-16 05:39:54','2025-06-16 05:39:54'),
(253,81,70,'2025-04-02','masuk',NULL,0,'2025-06-16 05:40:42','2025-06-16 05:40:42'),
(254,81,65,'2025-04-28','keluar',NULL,0,'2025-06-16 05:41:21','2025-06-16 05:41:21'),
(255,81,90,'2025-05-03','masuk',NULL,0,'2025-06-16 05:42:02','2025-06-16 05:42:02'),
(256,81,74,'2025-05-27','keluar',NULL,0,'2025-06-16 05:42:24','2025-06-16 05:42:24'),
(257,31,120,'2025-04-04','masuk',NULL,0,'2025-06-16 05:44:15','2025-06-16 05:44:15'),
(258,31,90,'2025-04-22','keluar',NULL,0,'2025-06-16 05:44:47','2025-06-16 05:44:47'),
(259,31,120,'2025-05-01','masuk',NULL,0,'2025-06-16 05:45:10','2025-06-16 05:45:10'),
(260,31,100,'2025-05-28','keluar',NULL,0,'2025-06-16 05:45:41','2025-06-16 05:45:41'),
(261,30,90,'2025-04-01','masuk',NULL,0,'2025-06-16 05:46:14','2025-06-16 05:46:14'),
(262,30,80,'2025-06-27','keluar',NULL,0,'2025-06-16 05:46:38','2025-06-16 05:46:38'),
(263,30,100,'2025-05-01','masuk',NULL,0,'2025-06-16 05:47:47','2025-06-16 05:47:47'),
(264,30,90,'2025-05-24','keluar',NULL,0,'2025-06-16 05:48:26','2025-06-16 05:48:26'),
(265,23,90,'2025-04-01','masuk',NULL,0,'2025-06-16 05:49:57','2025-06-16 05:49:57'),
(266,23,73,'2025-04-30','keluar',NULL,0,'2025-06-16 05:50:39','2025-06-16 05:50:39'),
(267,23,85,'2025-05-03','masuk',NULL,0,'2025-06-16 05:51:14','2025-06-16 05:51:14'),
(268,23,80,'2025-05-29','keluar',NULL,0,'2025-06-16 05:51:37','2025-06-16 05:51:37'),
(269,22,80,'2025-04-01','masuk',NULL,0,'2025-06-16 05:52:08','2025-06-16 05:52:08'),
(271,22,90,'2025-04-03','masuk',NULL,0,'2025-06-16 05:53:11','2025-06-16 05:53:11'),
(272,22,90,'2025-05-29','masuk',NULL,0,'2025-06-16 05:53:58','2025-06-16 05:53:58'),
(273,22,79,'2025-05-30','keluar',NULL,0,'2025-06-16 05:54:21','2025-06-16 05:54:21'),
(274,66,50,'2025-04-03','masuk',NULL,0,'2025-06-16 05:56:20','2025-06-16 05:56:20'),
(277,66,70,'2025-05-03','masuk',NULL,0,'2025-06-16 05:58:50','2025-06-16 05:58:50'),
(278,66,50,'2025-05-28','keluar',NULL,0,'2025-06-16 06:00:34','2025-06-16 06:00:34'),
(279,67,60,'2025-04-01','masuk',NULL,0,'2025-06-16 06:01:29','2025-06-16 06:01:29'),
(280,67,45,'2025-04-28','keluar',NULL,0,'2025-06-16 06:03:06','2025-06-16 06:03:06'),
(281,67,70,'2025-05-01','masuk',NULL,0,'2025-06-16 06:03:59','2025-06-16 06:03:59'),
(282,67,50,'2025-05-29','keluar',NULL,0,'2025-06-16 06:06:03','2025-06-16 06:06:03'),
(283,45,150,'2025-04-01','masuk',NULL,0,'2025-06-16 06:09:13','2025-06-16 06:09:13'),
(284,45,125,'2025-04-28','keluar',NULL,0,'2025-06-16 06:09:50','2025-06-16 06:09:50'),
(285,45,140,'2025-05-04','masuk',NULL,0,'2025-06-16 06:10:54','2025-06-16 06:10:54'),
(286,45,130,'2025-05-26','keluar',NULL,0,'2025-06-16 06:12:11','2025-06-16 06:12:11'),
(287,6,25,'2025-05-24','keluar',NULL,0,'2025-06-16 11:01:25','2025-06-16 11:01:25'),
(288,6,10,'2025-05-30','keluar',NULL,0,'2025-06-16 11:02:44','2025-06-16 11:02:44'),
(289,6,15,'2025-05-26','keluar',NULL,0,'2025-06-16 11:03:35','2025-06-16 11:03:35'),
(290,6,45,'2025-04-23','keluar',NULL,0,'2025-06-16 11:06:42','2025-06-16 11:06:42'),
(291,6,60,'2025-04-04','masuk',NULL,0,'2025-06-16 11:08:44','2025-06-16 11:08:44'),
(292,6,75,'2025-05-05','masuk',NULL,0,'2025-06-16 11:09:15','2025-06-16 11:09:15'),
(293,29,35,'2025-05-25','keluar',NULL,0,'2025-06-16 11:17:41','2025-06-16 11:17:41'),
(294,29,15,'2025-04-28','keluar',NULL,0,'2025-06-16 11:18:09','2025-06-16 11:18:09'),
(296,29,50,'2025-05-06','masuk',NULL,0,'2025-06-16 11:21:48','2025-06-16 11:21:48'),
(297,26,90,'2025-04-28','keluar',NULL,0,'2025-06-16 12:08:54','2025-06-16 12:08:54'),
(298,14,90,'2025-04-10','masuk',NULL,0,'2025-06-16 12:19:03','2025-06-16 12:19:03'),
(299,14,110,'2025-05-08','masuk',NULL,0,'2025-06-16 12:19:29','2025-06-16 12:19:29'),
(300,16,90,'2025-04-11','masuk',NULL,0,'2025-06-16 12:20:59','2025-06-16 12:20:59'),
(301,16,110,'2025-05-05','masuk',NULL,0,'2025-06-16 12:21:23','2025-06-16 12:21:23'),
(302,50,90,'2025-05-01','masuk',NULL,0,'2025-06-16 12:36:24','2025-06-16 12:36:24'),
(303,30,80,'2025-04-29','keluar',NULL,0,'2025-06-16 12:57:37','2025-06-16 12:57:37'),
(304,22,75,'2025-04-27','keluar',NULL,0,'2025-06-16 13:08:57','2025-06-16 13:08:57'),
(306,66,45,'2025-04-29','keluar',NULL,0,'2025-06-16 13:17:59','2025-06-16 13:17:59'),
(307,10,80,'2025-04-02','masuk',NULL,0,'2025-06-17 08:54:50','2025-06-17 08:54:50'),
(308,10,100,'2025-05-02','masuk',NULL,0,'2025-06-17 08:55:14','2025-06-17 08:55:14'),
(309,10,75,'2025-04-28','keluar',NULL,0,'2025-06-17 08:55:47','2025-06-17 08:55:47'),
(310,10,105,'2025-05-28','keluar',NULL,0,'2025-06-17 08:56:15','2025-06-17 08:56:15'),
(311,74,105,'2025-04-01','masuk',NULL,0,'2025-06-17 09:01:07','2025-06-17 09:01:07'),
(312,74,120,'2025-05-01','masuk',NULL,0,'2025-06-17 09:01:35','2025-06-17 09:01:35'),
(313,74,90,'2025-04-30','keluar',NULL,0,'2025-06-17 09:02:05','2025-06-17 09:02:05'),
(314,74,110,'2025-05-31','keluar',NULL,0,'2025-06-17 09:02:31','2025-06-17 09:02:31'),
(315,3,115,'2025-04-01','masuk',NULL,0,'2025-06-17 09:05:46','2025-06-17 09:05:46'),
(316,3,120,'2025-05-01','masuk',NULL,0,'2025-06-17 09:06:12','2025-06-17 09:06:12'),
(317,3,90,'2025-04-30','keluar',NULL,0,'2025-06-17 09:06:39','2025-06-17 09:06:39'),
(318,3,100,'2025-05-31','keluar',NULL,0,'2025-06-17 09:06:59','2025-06-17 09:06:59'),
(319,11,80,'2025-04-02','masuk',NULL,0,'2025-06-17 09:09:25','2025-06-17 09:09:25'),
(320,11,90,'2025-05-02','masuk',NULL,0,'2025-06-17 09:09:42','2025-06-17 09:09:42'),
(321,11,79,'2025-04-29','keluar',NULL,0,'2025-06-17 09:10:08','2025-06-17 09:10:08'),
(322,11,84,'2025-05-31','keluar',NULL,0,'2025-06-17 09:10:42','2025-06-17 09:10:42'),
(323,9,90,'2025-04-04','masuk',NULL,0,'2025-06-17 09:13:42','2025-06-17 09:13:42'),
(324,9,80,'2025-05-04','masuk',NULL,0,'2025-06-17 09:13:59','2025-06-17 09:13:59'),
(325,9,75,'2025-04-30','keluar',NULL,0,'2025-06-17 09:14:21','2025-06-17 09:14:21'),
(326,9,80,'2025-05-30','keluar',NULL,0,'2025-06-17 09:14:47','2025-06-17 09:14:47'),
(327,80,120,'2025-04-03','masuk',NULL,0,'2025-06-17 09:17:58','2025-06-17 09:17:58'),
(328,80,120,'2025-05-03','masuk',NULL,0,'2025-06-17 09:18:16','2025-06-17 09:18:16'),
(329,80,90,'2025-04-30','keluar',NULL,0,'2025-06-17 09:18:45','2025-06-17 09:18:45'),
(330,80,100,'2025-05-31','keluar',NULL,0,'2025-06-17 09:19:10','2025-06-17 09:19:10'),
(331,27,70,'2025-04-02','masuk',NULL,0,'2025-06-17 09:24:52','2025-06-17 09:24:52'),
(333,27,50,'2025-04-25','keluar',NULL,0,'2025-06-17 09:26:11','2025-06-17 09:26:11'),
(334,27,80,'2025-05-01','masuk',NULL,0,'2025-06-17 09:26:41','2025-06-17 09:26:41'),
(335,27,60,'2025-05-30','keluar',NULL,0,'2025-06-17 09:27:13','2025-06-17 09:27:13'),
(336,65,90,'2025-04-01','masuk',NULL,0,'2025-06-17 09:28:36','2025-06-17 09:28:36'),
(337,65,80,'2025-04-29','keluar',NULL,0,'2025-06-17 09:29:04','2025-06-17 09:29:04'),
(338,65,100,'2025-05-01','masuk',NULL,0,'2025-06-17 09:29:36','2025-06-17 09:29:36'),
(339,65,85,'2025-05-30','keluar',NULL,0,'2025-06-17 09:30:06','2025-06-17 09:30:06'),
(340,79,90,'2025-04-01','masuk',NULL,0,'2025-06-17 09:31:08','2025-06-17 09:31:08'),
(341,79,80,'2025-04-28','keluar',NULL,0,'2025-06-17 09:31:37','2025-06-17 09:31:37'),
(342,79,110,'2025-05-02','masuk',NULL,0,'2025-06-17 09:31:59','2025-06-17 09:31:59'),
(343,79,85,'2025-05-29','keluar',NULL,0,'2025-06-17 09:32:30','2025-06-17 09:32:30'),
(344,75,120,'2025-04-01','masuk',NULL,0,'2025-06-17 09:33:45','2025-06-17 09:33:45'),
(345,75,90,'2025-04-30','keluar',NULL,0,'2025-06-17 09:34:10','2025-06-17 09:34:10'),
(346,75,110,'2025-05-01','masuk',NULL,0,'2025-06-17 09:34:43','2025-06-17 09:34:43'),
(347,75,100,'2025-05-30','keluar',NULL,0,'2025-06-17 09:35:08','2025-06-17 09:35:08'),
(348,28,80,'2025-04-01','masuk',NULL,0,'2025-06-17 09:36:06','2025-06-17 09:36:06'),
(349,28,60,'2025-04-29','keluar',NULL,0,'2025-06-17 09:36:57','2025-06-17 09:36:57'),
(350,28,90,'2025-05-02','masuk',NULL,0,'2025-06-17 09:37:49','2025-06-17 09:37:49'),
(351,28,70,'2025-05-30','keluar',NULL,0,'2025-06-17 09:38:09','2025-06-17 09:38:09'),
(352,68,70,'2025-04-01','masuk',NULL,0,'2025-06-17 09:38:50','2025-06-17 09:38:50'),
(353,68,30,'2025-04-30','keluar',NULL,0,'2025-06-17 09:39:18','2025-06-17 09:39:18'),
(354,68,50,'2025-05-03','masuk',NULL,0,'2025-06-17 09:39:45','2025-06-17 09:39:45'),
(355,68,35,'2025-05-31','keluar',NULL,0,'2025-06-17 09:40:12','2025-06-17 09:40:12'),
(356,13,70,'2025-04-01','masuk',NULL,0,'2025-06-17 09:41:02','2025-06-17 09:41:02'),
(357,13,40,'2025-04-30','keluar',NULL,0,'2025-06-17 09:41:24','2025-06-17 09:41:24'),
(358,13,80,'2025-05-02','masuk',NULL,0,'2025-06-17 09:41:54','2025-06-17 09:41:54'),
(359,13,50,'2025-05-31','keluar',NULL,0,'2025-06-17 09:42:15','2025-06-17 09:42:15'),
(361,42,60,'2025-04-03','masuk',NULL,0,'2025-06-17 20:04:25','2025-06-17 20:04:25'),
(362,42,60,'2025-04-16','masuk',NULL,0,'2025-06-17 20:04:59','2025-06-17 20:04:59'),
(363,42,45,'2025-04-03','masuk',NULL,0,'2025-06-17 20:05:36','2025-06-17 20:05:36'),
(364,42,50,'2025-05-13','masuk',NULL,0,'2025-06-17 20:05:58','2025-06-17 20:05:58'),
(365,42,85,'2025-04-30','keluar',NULL,0,'2025-06-17 20:06:30','2025-06-17 20:06:30'),
(366,42,95,'2025-05-31','keluar',NULL,0,'2025-06-17 20:06:59','2025-06-17 20:06:59'),
(367,48,150,'2025-06-05','masuk',NULL,0,'2025-06-17 20:11:21','2025-06-17 20:11:21'),
(368,46,140,'2025-04-04','masuk',NULL,0,'2025-06-17 20:14:59','2025-06-17 20:14:59'),
(369,46,150,'2025-05-04','masuk',NULL,0,'2025-06-17 20:15:22','2025-06-17 20:15:22'),
(370,46,120,'2025-04-30','keluar',NULL,0,'2025-06-17 20:16:21','2025-06-17 20:16:21'),
(371,46,135,'2025-05-31','keluar',NULL,0,'2025-06-17 20:16:40','2025-06-17 20:16:40'),
(372,47,50,'2025-04-02','masuk',NULL,0,'2025-06-17 20:21:11','2025-06-17 20:21:11'),
(373,47,50,'2025-04-10','masuk',NULL,0,'2025-06-17 20:21:34','2025-06-17 20:21:34'),
(374,47,50,'2025-04-16','masuk',NULL,0,'2025-06-17 20:21:55','2025-06-17 20:21:55'),
(375,47,50,'2025-05-09','masuk',NULL,0,'2025-06-17 20:22:21','2025-06-17 20:22:21'),
(376,47,100,'2025-06-14','masuk',NULL,0,'2025-06-17 20:22:49','2025-06-17 20:22:49'),
(377,47,125,'2025-04-11','keluar',NULL,0,'2025-06-17 20:23:32','2025-06-17 20:23:32'),
(378,47,135,'2025-05-31','keluar',NULL,0,'2025-06-17 20:23:57','2025-06-17 20:23:57'),
(379,16,80,'2025-06-05','masuk',NULL,0,'2025-06-17 20:33:50','2025-06-17 20:33:50'),
(380,14,100,'2025-04-02','masuk',NULL,0,'2025-06-17 20:41:46','2025-06-17 20:41:46'),
(381,14,110,'2025-05-02','masuk',NULL,0,'2025-06-17 20:42:20','2025-06-17 20:42:20'),
(382,14,80,'2025-04-30','keluar',NULL,0,'2025-06-17 20:42:45','2025-06-17 20:42:45'),
(383,14,100,'2025-05-31','keluar',NULL,0,'2025-06-17 20:43:30','2025-06-17 20:43:30'),
(384,2,42,'2025-06-05','masuk',NULL,0,'2025-06-17 20:58:44','2025-06-17 20:58:44'),
(385,2,10,'2025-06-05','masuk',NULL,0,'2025-06-17 20:59:21','2025-06-17 20:59:21'),
(386,2,85,'2025-04-03','masuk',NULL,0,'2025-06-17 21:04:06','2025-06-17 21:04:06'),
(389,2,40,'2025-05-06','masuk',NULL,0,'2025-06-17 21:09:54','2025-06-17 21:09:54'),
(390,2,70,'2025-04-30','keluar',NULL,0,'2025-06-17 21:11:06','2025-06-17 21:11:06'),
(391,2,85,'2025-05-31','keluar',NULL,0,'2025-06-17 21:11:34','2025-06-17 21:11:34'),
(392,48,50,'2025-06-02','masuk',NULL,0,'2025-06-17 21:23:25','2025-06-17 21:23:25'),
(393,48,115,'2025-04-01','masuk',NULL,0,'2025-06-17 21:26:37','2025-06-17 21:26:37'),
(394,48,105,'2025-05-01','masuk',NULL,0,'2025-06-17 21:27:01','2025-06-17 21:27:01'),
(395,48,89,'2025-04-30','keluar',NULL,0,'2025-06-17 21:27:36','2025-06-17 21:27:36'),
(396,48,95,'2025-05-30','keluar',NULL,0,'2025-06-17 21:28:12','2025-06-17 21:28:12'),
(397,49,90,'2025-04-02','masuk',NULL,0,'2025-06-17 22:23:10','2025-06-17 22:23:10'),
(398,49,85,'2025-05-03','masuk',NULL,0,'2025-06-17 22:23:46','2025-06-17 22:23:46'),
(399,49,43,'2025-06-05','masuk',NULL,0,'2025-06-17 22:24:34','2025-06-17 22:24:34'),
(400,49,75,'2025-04-30','keluar',NULL,0,'2025-06-17 22:28:34','2025-06-17 22:28:34'),
(401,49,84,'2025-05-01','keluar',NULL,0,'2025-06-17 22:29:12','2025-06-17 22:29:12'),
(402,12,39,'2025-06-04','masuk',NULL,0,'2025-06-18 02:11:36','2025-06-18 02:11:36'),
(403,59,42,'2025-06-02','masuk',NULL,0,'2025-06-18 02:14:48','2025-06-18 02:14:48'),
(404,60,38,'2025-06-01','masuk',NULL,0,'2025-06-18 02:17:26','2025-06-18 02:17:26'),
(405,82,40,'2025-06-02','masuk',NULL,0,'2025-06-18 02:19:55','2025-06-18 02:19:55'),
(406,69,25,'2025-06-01','masuk',NULL,0,'2025-06-18 02:21:47','2025-06-18 02:21:47'),
(407,12,50,'2025-04-02','masuk',NULL,0,'2025-06-18 02:29:54','2025-06-18 02:29:54'),
(408,12,65,'2025-05-02','masuk',NULL,0,'2025-06-18 02:30:25','2025-06-18 02:30:25'),
(409,12,45,'2025-04-30','keluar',NULL,0,'2025-06-18 02:30:52','2025-06-18 02:30:52'),
(410,12,48,'2025-05-31','keluar',NULL,0,'2025-06-18 02:31:17','2025-06-18 02:31:17'),
(411,60,55,'2025-04-01','masuk',NULL,0,'2025-06-18 02:35:49','2025-06-18 02:35:49'),
(412,60,65,'2025-05-01','masuk',NULL,0,'2025-06-18 02:36:12','2025-06-18 02:36:12'),
(413,60,43,'2025-04-30','keluar',NULL,0,'2025-06-18 02:36:35','2025-06-18 02:36:35'),
(414,60,48,'2025-05-31','keluar',NULL,0,'2025-06-18 02:37:22','2025-06-18 02:37:22'),
(415,59,55,'2025-04-01','masuk',NULL,0,'2025-06-18 02:41:59','2025-06-18 02:41:59'),
(416,59,65,'2025-05-01','masuk',NULL,0,'2025-06-18 02:42:28','2025-06-18 02:42:28'),
(417,59,42,'2025-04-30','keluar',NULL,0,'2025-06-18 02:43:59','2025-06-18 02:43:59'),
(418,59,46,'2025-05-31','keluar',NULL,0,'2025-06-18 02:44:42','2025-06-18 02:44:42'),
(419,82,50,'2025-04-01','masuk',NULL,0,'2025-06-18 02:50:17','2025-06-18 02:50:17'),
(420,82,65,'2025-05-01','masuk',NULL,0,'2025-06-18 02:50:40','2025-06-18 02:50:40'),
(421,82,45,'2025-04-30','keluar',NULL,0,'2025-06-18 02:51:13','2025-06-18 02:51:13'),
(422,82,55,'2025-05-31','keluar',NULL,0,'2025-06-18 02:51:33','2025-06-18 02:51:33'),
(423,69,50,'2025-04-02','masuk',NULL,0,'2025-06-18 02:55:58','2025-06-18 02:55:58'),
(424,69,56,'2025-05-02','masuk',NULL,0,'2025-06-18 02:56:38','2025-06-18 02:56:38'),
(425,69,47,'2025-04-30','keluar',NULL,0,'2025-06-18 02:57:02','2025-06-18 02:57:02'),
(426,69,56,'2025-05-31','keluar',NULL,0,'2025-06-18 02:57:31','2025-06-18 02:57:31'),
(427,83,60,'2025-04-01','masuk',NULL,0,'2025-06-18 03:52:59','2025-06-18 03:52:59'),
(428,83,70,'2025-05-01','masuk',NULL,0,'2025-06-18 03:53:30','2025-06-18 03:53:30'),
(429,83,50,'2025-04-30','keluar',NULL,0,'2025-06-18 03:54:17','2025-06-18 03:54:17'),
(430,83,56,'2025-05-31','keluar',NULL,0,'2025-06-18 03:54:35','2025-06-18 03:54:35'),
(431,83,45,'2025-06-01','masuk',NULL,0,'2025-06-18 03:59:46','2025-06-18 03:59:46'),
(432,73,50,'2025-04-01','masuk',NULL,0,'2025-06-18 04:00:06','2025-06-18 04:00:06'),
(433,73,70,'2025-05-01','masuk',NULL,0,'2025-06-18 04:00:25','2025-06-18 04:00:25'),
(434,73,40,'2025-06-01','masuk',NULL,0,'2025-06-18 04:00:59','2025-06-18 04:00:59'),
(435,73,47,'2025-04-29','keluar',NULL,0,'2025-06-18 04:01:22','2025-06-18 04:01:22'),
(436,73,56,'2025-05-31','keluar',NULL,0,'2025-06-18 04:01:46','2025-06-18 04:01:46'),
(437,84,80,'2025-04-01','masuk',NULL,0,'2025-06-18 04:03:15','2025-06-18 04:03:15'),
(438,84,70,'2025-05-01','masuk',NULL,0,'2025-06-18 04:03:30','2025-06-18 04:03:30'),
(439,84,65,'2025-04-30','keluar',NULL,0,'2025-06-18 04:04:05','2025-06-18 04:04:05'),
(440,84,70,'2025-05-31','keluar',NULL,0,'2025-06-18 04:04:23','2025-06-18 04:04:23'),
(441,84,50,'2025-06-01','masuk',NULL,0,'2025-06-18 04:05:07','2025-06-18 04:05:07'),
(442,54,30,'2025-04-05','masuk',NULL,0,'2025-06-18 04:21:03','2025-06-18 04:21:03'),
(443,54,25,'2025-05-05','masuk',NULL,0,'2025-06-18 04:21:38','2025-06-18 04:21:38'),
(444,54,20,'2025-04-30','keluar',NULL,0,'2025-06-18 04:22:04','2025-06-18 04:22:04'),
(445,54,22,'2025-05-31','keluar',NULL,0,'2025-06-18 04:22:34','2025-06-18 04:22:34'),
(446,54,25,'2025-06-05','masuk',NULL,0,'2025-06-18 04:23:05','2025-06-18 04:23:05'),
(447,55,30,'2025-06-05','masuk',NULL,0,'2025-06-18 04:26:31','2025-06-18 04:26:31'),
(448,56,20,'2025-06-05','masuk',NULL,0,'2025-06-18 04:26:49','2025-06-18 04:26:49'),
(449,55,30,'2025-06-05','masuk',NULL,0,'2025-06-18 04:28:28','2025-06-18 04:28:28'),
(450,56,25,'2025-04-05','masuk',NULL,0,'2025-06-18 04:32:13','2025-06-18 04:32:13'),
(451,56,35,'2025-05-05','masuk',NULL,0,'2025-06-18 04:33:36','2025-06-18 04:33:36'),
(452,56,23,'2025-04-30','keluar',NULL,0,'2025-06-18 04:33:58','2025-06-18 04:33:58'),
(453,56,28,'2025-05-30','keluar',NULL,0,'2025-06-18 04:34:28','2025-06-18 04:34:28'),
(454,55,50,'2025-04-05','masuk',NULL,0,'2025-06-18 04:35:57','2025-06-18 04:35:57'),
(455,55,60,'2025-05-05','masuk',NULL,0,'2025-06-18 04:36:21','2025-06-18 04:36:21'),
(456,55,38,'2025-04-30','keluar',NULL,0,'2025-06-18 04:36:57','2025-06-18 04:36:57'),
(457,55,43,'2025-05-31','keluar',NULL,0,'2025-06-18 04:37:20','2025-06-18 04:37:20'),
(458,51,85,'2025-04-01','masuk',NULL,0,'2025-06-19 01:46:50','2025-06-19 01:46:50'),
(459,51,80,'2025-05-01','masuk',NULL,0,'2025-06-19 01:47:44','2025-06-19 01:47:44'),
(460,51,50,'2025-06-01','masuk',NULL,0,'2025-06-19 01:48:33','2025-06-19 01:48:33'),
(461,51,69,'2025-04-30','keluar',NULL,0,'2025-06-19 01:48:58','2025-06-19 01:48:58'),
(462,51,78,'2025-05-31','keluar',NULL,0,'2025-06-19 01:49:32','2025-06-19 01:49:32'),
(468,4,90,'2025-04-05','masuk',NULL,0,'2025-06-19 20:40:11','2025-06-19 20:40:11'),
(469,4,80,'2025-05-05','masuk',NULL,0,'2025-06-19 20:40:29','2025-06-19 20:40:29'),
(470,4,75,'2025-04-30','keluar',NULL,0,'2025-06-19 20:40:51','2025-06-19 20:40:51'),
(471,4,82,'2025-05-31','keluar',NULL,0,'2025-06-19 20:41:14','2025-06-19 20:41:14'),
(472,4,33,'2025-06-05','masuk',NULL,0,'2025-06-19 20:41:49','2025-06-19 20:41:49'),
(473,33,85,'2025-04-03','masuk',NULL,0,'2025-06-19 20:42:30','2025-06-19 20:42:30'),
(474,33,80,'2025-05-03','masuk',NULL,0,'2025-06-19 20:42:51','2025-06-19 20:42:51'),
(475,33,41,'2025-06-03','masuk',NULL,0,'2025-06-19 20:44:13','2025-06-19 20:44:13'),
(476,33,69,'2025-04-30','keluar',NULL,0,'2025-06-19 20:44:49','2025-06-19 20:44:49'),
(477,33,78,'2025-05-31','keluar',NULL,0,'2025-06-19 20:45:14','2025-06-19 20:45:14'),
(478,72,120,'2025-04-02','masuk',NULL,0,'2025-06-19 20:45:53','2025-06-19 20:45:53'),
(479,72,100,'2025-05-02','masuk',NULL,0,'2025-06-19 20:46:14','2025-06-19 20:46:14'),
(480,72,56,'2025-06-02','masuk',NULL,0,'2025-06-19 20:46:39','2025-06-19 20:46:39'),
(481,72,85,'2025-04-30','keluar',NULL,0,'2025-06-19 20:47:22','2025-06-19 20:47:22'),
(482,72,95,'2025-05-31','keluar',NULL,0,'2025-06-19 20:47:59','2025-06-19 20:47:59'),
(483,85,50,'2025-04-01','masuk',NULL,0,'2025-06-19 20:48:37','2025-06-19 20:48:37'),
(484,85,60,'2025-05-01','masuk',NULL,0,'2025-06-19 20:49:01','2025-06-19 20:49:01'),
(485,85,38,'2025-06-01','masuk',NULL,0,'2025-06-19 20:50:01','2025-06-19 20:50:01'),
(486,85,37,'2025-04-30','keluar',NULL,0,'2025-06-19 20:50:22','2025-06-19 20:50:22'),
(487,85,45,'2025-05-31','keluar',NULL,0,'2025-06-19 20:50:41','2025-06-19 20:50:41'),
(488,34,100,'2025-04-03','masuk',NULL,0,'2025-06-19 20:51:16','2025-06-19 20:51:16'),
(489,34,110,'2025-05-03','masuk',NULL,0,'2025-06-19 20:51:51','2025-06-19 20:51:51'),
(490,34,53,'2025-06-03','masuk',NULL,0,'2025-06-19 20:52:22','2025-06-19 20:52:22'),
(491,34,78,'2025-04-30','keluar',NULL,0,'2025-06-19 20:52:43','2025-06-19 20:52:43'),
(492,34,83,'2025-05-31','keluar',NULL,0,'2025-06-19 20:53:04','2025-06-19 20:53:04'),
(493,20,80,'2025-04-02','masuk',NULL,0,'2025-06-19 20:54:27','2025-06-19 20:54:27'),
(494,20,90,'2025-05-02','masuk',NULL,0,'2025-06-19 20:55:34','2025-06-19 20:55:34'),
(495,20,53,'2025-06-02','masuk',NULL,0,'2025-06-19 20:55:54','2025-06-19 20:55:54'),
(496,20,53,'2025-06-02','masuk',NULL,0,'2025-06-19 20:56:23','2025-06-19 20:56:23'),
(497,20,75,'2025-04-30','keluar',NULL,0,'2025-06-19 20:56:47','2025-06-19 20:56:47'),
(498,20,83,'2025-05-31','keluar',NULL,0,'2025-06-19 20:57:10','2025-06-19 20:57:10'),
(499,71,90,'2025-04-03','masuk',NULL,0,'2025-06-19 20:57:51','2025-06-19 20:57:51'),
(500,71,110,'2025-05-03','masuk',NULL,0,'2025-06-19 20:58:14','2025-06-19 20:58:14'),
(501,71,57,'2025-06-03','masuk',NULL,0,'2025-06-19 20:58:31','2025-06-19 20:58:31'),
(502,71,89,'2025-04-30','keluar',NULL,0,'2025-06-19 20:58:59','2025-06-19 20:58:59'),
(503,71,97,'2025-05-31','keluar',NULL,0,'2025-06-19 20:59:15','2025-06-19 20:59:15'),
(504,7,85,'2025-04-02','masuk',NULL,0,'2025-06-19 20:59:46','2025-06-19 20:59:46'),
(505,7,90,'2025-05-02','masuk',NULL,0,'2025-06-19 21:00:11','2025-06-19 21:00:11'),
(506,7,52,'2025-06-02','masuk',NULL,0,'2025-06-19 21:00:30','2025-06-19 21:00:30'),
(507,7,71,'2025-04-30','keluar',NULL,0,'2025-06-19 21:00:53','2025-06-19 21:00:53'),
(508,7,83,'2025-05-31','keluar',NULL,0,'2025-06-19 21:01:12','2025-06-19 21:01:12'),
(509,7,52,'2025-06-02','masuk',NULL,0,'2025-06-19 21:01:29','2025-06-19 21:01:29'),
(510,5,120,'2025-04-01','masuk',NULL,0,'2025-06-19 21:01:55','2025-06-19 21:01:55'),
(511,5,100,'2025-05-01','masuk',NULL,0,'2025-06-19 21:02:14','2025-06-19 21:02:14'),
(512,5,58,'2025-06-01','masuk',NULL,0,'2025-06-19 21:02:30','2025-06-19 21:02:30'),
(513,5,90,'2025-04-30','keluar',NULL,0,'2025-06-19 21:02:53','2025-06-19 21:02:53'),
(514,5,100,'2025-05-31','keluar',NULL,0,'2025-06-19 21:03:14','2025-06-19 21:03:14'),
(515,5,58,'2025-06-01','masuk',NULL,0,'2025-06-19 21:03:52','2025-06-19 21:03:52'),
(516,58,80,'2025-04-03','masuk',NULL,0,'2025-06-19 21:04:22','2025-06-19 21:04:22'),
(517,58,80,'2025-05-03','masuk',NULL,0,'2025-06-19 21:04:56','2025-06-19 21:04:56'),
(518,58,47,'2025-06-03','masuk',NULL,0,'2025-06-19 21:05:17','2025-06-19 21:05:17'),
(519,58,60,'2025-04-30','keluar',NULL,0,'2025-06-19 21:05:37','2025-06-19 21:05:37'),
(520,58,67,'2025-05-31','keluar',NULL,0,'2025-06-19 21:06:03','2025-06-19 21:06:03'),
(522,35,90,'2025-04-01','masuk',NULL,0,'2025-06-20 20:31:33','2025-06-20 20:31:33'),
(523,35,100,'2025-05-01','masuk',NULL,0,'2025-06-20 20:31:58','2025-06-20 20:31:58'),
(524,35,56,'2025-06-01','masuk',NULL,0,'2025-06-20 20:33:00','2025-06-20 20:33:00'),
(525,35,85,'2025-04-30','keluar',NULL,0,'2025-06-20 20:33:29','2025-06-20 20:33:29'),
(526,35,94,'2025-05-31','keluar',NULL,0,'2025-06-20 20:33:52','2025-06-20 20:33:52'),
(527,11,1,'2025-06-05','keluar','Pengiriman pesanan',0,'2025-06-24 01:07:08','2025-06-24 01:07:08'),
(528,15,4,'2025-06-05','keluar','Pengiriman pesanan',0,'2025-06-24 01:07:08','2025-06-24 01:07:08'),
(529,29,5,'2025-06-05','keluar','Pengiriman pesanan',0,'2025-06-24 01:07:08','2025-06-24 01:07:08'),
(530,30,11,'2025-06-05','keluar','Pengiriman pesanan',0,'2025-06-24 01:07:08','2025-06-24 01:07:08'),
(531,36,1,'2025-06-05','keluar','Pengiriman pesanan',0,'2025-06-24 01:07:08','2025-06-24 01:07:08'),
(532,37,1,'2025-06-05','keluar','Pengiriman pesanan',0,'2025-06-24 01:07:08','2025-06-24 01:07:08'),
(533,44,2,'2025-06-05','keluar','Pengiriman pesanan',0,'2025-06-24 01:07:08','2025-06-24 01:07:08'),
(534,27,3,'2025-06-24','keluar','Pengiriman pesanan',0,'2025-06-24 22:25:01','2025-06-24 22:25:01'),
(535,48,12,'2025-06-24','keluar','Pengiriman pesanan',0,'2025-06-24 22:25:01','2025-06-24 22:25:01'),
(536,57,6,'2025-06-24','keluar','Pengiriman pesanan',0,'2025-06-24 22:25:01','2025-06-24 22:25:01'),
(537,85,2,'2025-06-24','keluar','Pengiriman pesanan',0,'2025-06-24 22:25:01','2025-06-24 22:25:01'),
(538,82,4,'2025-06-24','keluar','Pengiriman pesanan',0,'2025-06-24 22:25:01','2025-06-24 22:25:01'),
(539,78,6,'2025-06-24','keluar','Pengiriman pesanan',0,'2025-06-24 22:25:01','2025-06-24 22:25:01'),
(540,23,6,'2025-06-24','keluar','Pengiriman pesanan',0,'2025-06-24 22:25:01','2025-06-24 22:25:01'),
(541,9,12,'2025-06-24','keluar','Pengiriman pesanan',0,'2025-06-24 22:25:15','2025-06-24 22:25:15'),
(542,16,6,'2025-06-24','keluar','Pengiriman pesanan',0,'2025-06-24 22:25:15','2025-06-24 22:25:15'),
(543,15,6,'2025-06-24','keluar','Pengiriman pesanan',0,'2025-06-24 22:25:15','2025-06-24 22:25:15'),
(544,14,6,'2025-06-24','keluar','Pengiriman pesanan',0,'2025-06-24 22:25:15','2025-06-24 22:25:15'),
(545,19,12,'2025-06-24','keluar','Pengiriman pesanan',0,'2025-06-24 22:25:15','2025-06-24 22:25:15'),
(546,39,1,'2025-06-24','keluar','Pengiriman pesanan',0,'2025-06-24 22:25:15','2025-06-24 22:25:15'),
(547,38,1,'2025-06-24','keluar','Pengiriman pesanan',0,'2025-06-24 22:25:15','2025-06-24 22:25:15'),
(548,55,6,'2025-06-24','keluar','Pengiriman pesanan',0,'2025-06-24 22:25:15','2025-06-24 22:25:15'),
(549,28,6,'2025-06-24','keluar','Pengiriman pesanan',0,'2025-06-24 22:25:15','2025-06-24 22:25:15'),
(550,80,6,'2025-06-24','keluar','Pengiriman pesanan',0,'2025-06-24 22:25:15','2025-06-24 22:25:15'),
(551,22,6,'2025-06-24','keluar','Pengiriman pesanan',0,'2025-06-24 22:25:30','2025-06-24 22:25:30'),
(552,31,12,'2025-06-24','keluar','Pengiriman pesanan',0,'2025-06-24 22:25:30','2025-06-24 22:25:30'),
(553,51,6,'2025-06-24','keluar','Pengiriman pesanan',0,'2025-06-24 22:25:30','2025-06-24 22:25:30'),
(554,76,6,'2025-06-24','keluar','Pengiriman pesanan',0,'2025-06-24 22:25:30','2025-06-24 22:25:30'),
(555,74,12,'2025-06-24','keluar','Pengiriman pesanan',0,'2025-06-24 22:25:30','2025-06-24 22:25:30'),
(556,71,6,'2025-06-24','keluar','Pengiriman pesanan',0,'2025-06-24 22:25:30','2025-06-24 22:25:30'),
(557,60,2,'2025-06-24','keluar','Pengiriman pesanan',0,'2025-06-24 22:25:30','2025-06-24 22:25:30'),
(558,59,2,'2025-06-24','keluar','Pengiriman pesanan',0,'2025-06-24 22:25:30','2025-06-24 22:25:30'),
(559,65,3,'2025-06-24','keluar','Pengiriman pesanan',0,'2025-06-24 22:25:30','2025-06-24 22:25:30'),
(560,67,6,'2025-06-24','keluar','Pengiriman pesanan',0,'2025-06-24 22:25:30','2025-06-24 22:25:30'),
(561,33,1,'2025-06-24','keluar','Pengiriman pesanan',0,'2025-06-24 22:25:41','2025-06-24 22:25:41'),
(562,29,1,'2025-06-24','keluar','Pengiriman pesanan',0,'2025-06-24 22:25:41','2025-06-24 22:25:41'),
(563,42,2,'2025-06-24','keluar','Pengiriman pesanan',0,'2025-06-24 22:25:41','2025-06-24 22:25:41'),
(564,72,1,'2025-06-24','keluar','Pengiriman pesanan',0,'2025-06-24 22:25:41','2025-06-24 22:25:41'),
(565,37,1,'2025-06-24','keluar','Pengiriman pesanan',0,'2025-06-24 22:25:41','2025-06-24 22:25:41'),
(566,58,1,'2025-06-24','keluar','Pengiriman pesanan',0,'2025-06-24 22:25:41','2025-06-24 22:25:41'),
(567,79,4,'2025-06-24','keluar','Pengiriman pesanan',0,'2025-06-24 22:25:41','2025-06-24 22:25:41'),
(568,86,100,'2025-06-24','masuk',NULL,0,'2025-06-24 23:09:25','2025-06-24 23:09:25'),
(569,3,12,'2025-06-24','keluar','Pengiriman pesanan',0,'2025-06-25 08:55:30','2025-06-25 08:55:30'),
(570,9,12,'2025-06-24','keluar','Pengiriman pesanan',0,'2025-06-25 08:55:30','2025-06-25 08:55:30'),
(571,13,6,'2025-06-24','keluar','Pengiriman pesanan',0,'2025-06-25 08:55:30','2025-06-25 08:55:30'),
(572,35,6,'2025-06-24','keluar','Pengiriman pesanan',0,'2025-06-25 08:55:30','2025-06-25 08:55:30'),
(573,35,6,'2025-06-24','keluar','Pengiriman pesanan',0,'2025-06-25 08:55:30','2025-06-25 08:55:30'),
(574,34,5,'2025-06-24','keluar','Pengiriman pesanan',0,'2025-06-25 08:55:30','2025-06-25 08:55:30'),
(575,33,3,'2025-06-24','keluar','Pengiriman pesanan',0,'2025-06-25 08:55:30','2025-06-25 08:55:30'),
(576,30,12,'2025-06-24','keluar','Pengiriman pesanan',0,'2025-06-25 08:55:30','2025-06-25 08:55:30'),
(577,38,1,'2025-06-24','keluar','Pengiriman pesanan',0,'2025-06-25 08:55:30','2025-06-25 08:55:30'),
(578,86,12,'2025-06-24','keluar','Pengiriman pesanan',0,'2025-06-25 08:55:30','2025-06-25 08:55:30'),
(579,81,6,'2025-06-24','keluar','Pengiriman pesanan',0,'2025-06-25 08:55:30','2025-06-25 08:55:30'),
(580,75,3,'2025-06-24','keluar','Pengiriman pesanan',0,'2025-06-25 08:55:30','2025-06-25 08:55:30'),
(581,73,6,'2025-06-24','keluar','Pengiriman pesanan',0,'2025-06-25 08:55:30','2025-06-25 08:55:30'),
(582,54,1,'2025-06-24','keluar','Pengiriman pesanan',0,'2025-06-25 08:55:30','2025-06-25 08:55:30'),
(583,56,3,'2025-06-24','keluar','Pengiriman pesanan',0,'2025-06-25 08:55:30','2025-06-25 08:55:30'),
(584,52,6,'2025-06-24','keluar','Pengiriman pesanan',0,'2025-06-25 08:55:30','2025-06-25 08:55:30'),
(585,84,4,'2025-06-24','keluar','Pengiriman pesanan',0,'2025-06-25 08:55:35','2025-06-25 08:55:35'),
(586,6,6,'2025-06-24','keluar','Pengiriman pesanan',0,'2025-06-25 08:55:35','2025-06-25 08:55:35'),
(587,2,6,'2025-06-24','keluar','Pengiriman pesanan',0,'2025-06-25 08:55:35','2025-06-25 08:55:35'),
(588,4,6,'2025-06-24','keluar','Pengiriman pesanan',0,'2025-06-25 08:55:35','2025-06-25 08:55:35'),
(589,11,6,'2025-06-24','keluar','Pengiriman pesanan',0,'2025-06-25 08:55:35','2025-06-25 08:55:35'),
(590,10,12,'2025-06-24','keluar','Pengiriman pesanan',0,'2025-06-25 08:55:35','2025-06-25 08:55:35'),
(591,22,3,'2025-06-24','keluar','Pengiriman pesanan',0,'2025-06-25 08:55:35','2025-06-25 08:55:35'),
(592,20,3,'2025-06-24','keluar','Pengiriman pesanan',0,'2025-06-25 08:55:35','2025-06-25 08:55:35'),
(593,38,1,'2025-06-24','keluar','Pengiriman pesanan',0,'2025-06-25 08:55:35','2025-06-25 08:55:35'),
(594,40,2,'2025-06-24','keluar','Pengiriman pesanan',0,'2025-06-25 08:55:35','2025-06-25 08:55:35'),
(595,43,1,'2025-06-24','keluar','Pengiriman pesanan',0,'2025-06-25 08:55:35','2025-06-25 08:55:35'),
(596,42,1,'2025-06-24','keluar','Pengiriman pesanan',0,'2025-06-25 08:55:35','2025-06-25 08:55:35'),
(597,44,1,'2025-06-24','keluar','Pengiriman pesanan',0,'2025-06-25 08:55:35','2025-06-25 08:55:35'),
(598,45,6,'2025-06-24','keluar','Pengiriman pesanan',0,'2025-06-25 08:55:35','2025-06-25 08:55:35'),
(599,47,6,'2025-06-24','keluar','Pengiriman pesanan',0,'2025-06-25 08:55:35','2025-06-25 08:55:35'),
(600,2,2,'2025-06-24','keluar','Pengiriman pesanan',0,'2025-06-25 08:55:40','2025-06-25 08:55:40'),
(601,5,3,'2025-06-24','keluar','Pengiriman pesanan',0,'2025-06-25 08:55:40','2025-06-25 08:55:40'),
(602,11,3,'2025-06-24','keluar','Pengiriman pesanan',0,'2025-06-25 08:55:40','2025-06-25 08:55:40'),
(603,10,6,'2025-06-24','keluar','Pengiriman pesanan',0,'2025-06-25 08:55:40','2025-06-25 08:55:40'),
(604,49,3,'2025-06-24','keluar','Pengiriman pesanan',0,'2025-06-25 08:55:40','2025-06-25 08:55:40'),
(605,46,3,'2025-06-24','keluar','Pengiriman pesanan',0,'2025-06-25 08:55:40','2025-06-25 08:55:40'),
(606,47,6,'2025-06-24','keluar','Pengiriman pesanan',0,'2025-06-25 08:55:40','2025-06-25 08:55:40'),
(607,65,3,'2025-06-24','keluar','Pengiriman pesanan',0,'2025-06-25 08:55:40','2025-06-25 08:55:40'),
(608,59,4,'2025-06-24','keluar','Pengiriman pesanan',0,'2025-06-25 08:55:40','2025-06-25 08:55:40'),
(609,50,6,'2025-06-24','keluar','Pengiriman pesanan',0,'2025-06-25 08:55:43','2025-06-25 08:55:43'),
(610,66,4,'2025-06-24','keluar','Pengiriman pesanan',0,'2025-06-25 08:55:43','2025-06-25 08:55:43'),
(611,77,6,'2025-06-24','keluar','Pengiriman pesanan',0,'2025-06-25 08:55:43','2025-06-25 08:55:43'),
(612,86,12,'2025-06-24','keluar','Pengiriman pesanan',0,'2025-06-25 08:55:43','2025-06-25 08:55:43'),
(613,84,6,'2025-06-24','keluar','Pengiriman pesanan',0,'2025-06-25 08:55:43','2025-06-25 08:55:43'),
(614,75,5,'2025-06-24','keluar','Pengiriman pesanan',0,'2025-06-25 08:55:43','2025-06-25 08:55:43'),
(615,3,12,'2025-06-24','keluar','Pengiriman pesanan',0,'2025-06-25 08:55:43','2025-06-25 08:55:43'),
(616,3,6,'2025-06-24','keluar','Pengiriman pesanan',0,'2025-06-26 00:26:23','2025-06-26 00:26:23'),
(617,9,2,'2025-06-24','keluar','Pengiriman pesanan',0,'2025-06-26 00:26:23','2025-06-26 00:26:23'),
(618,15,6,'2025-06-24','keluar','Pengiriman pesanan',0,'2025-06-26 00:26:23','2025-06-26 00:26:23'),
(619,47,12,'2025-06-24','keluar','Pengiriman pesanan',0,'2025-06-26 00:26:23','2025-06-26 00:26:23'),
(620,80,6,'2025-06-24','keluar','Pengiriman pesanan',0,'2025-06-26 00:26:23','2025-06-26 00:26:23'),
(621,86,1,'2025-06-24','keluar','Pengiriman pesanan',0,'2025-06-26 00:26:23','2025-06-26 00:26:23'),
(622,62,12,'2025-06-24','keluar','Pengiriman pesanan',0,'2025-06-26 00:26:23','2025-06-26 00:26:23'),
(623,27,3,'2025-06-24','keluar','Pengiriman pesanan',0,'2025-07-16 02:09:07','2025-07-16 02:09:07'),
(624,48,12,'2025-06-24','keluar','Pengiriman pesanan',0,'2025-07-16 02:09:07','2025-07-16 02:09:07'),
(625,57,6,'2025-06-24','keluar','Pengiriman pesanan',0,'2025-07-16 02:09:07','2025-07-16 02:09:07'),
(626,85,2,'2025-06-24','keluar','Pengiriman pesanan',0,'2025-07-16 02:09:07','2025-07-16 02:09:07'),
(627,82,4,'2025-06-24','keluar','Pengiriman pesanan',0,'2025-07-16 02:09:07','2025-07-16 02:09:07'),
(628,78,6,'2025-06-24','keluar','Pengiriman pesanan',0,'2025-07-16 02:09:07','2025-07-16 02:09:07'),
(629,23,6,'2025-06-24','keluar','Pengiriman pesanan',0,'2025-07-16 02:09:07','2025-07-16 02:09:07'),
(630,40,2,'2025-06-24','keluar','Pengiriman pesanan',0,'2025-07-16 02:10:37','2025-07-16 02:10:37'),
(631,87,5,'2025-06-24','masuk',NULL,0,'2025-07-16 02:31:56','2025-07-16 02:31:56'),
(632,27,3,'2025-06-24','keluar','Pengiriman pesanan',0,'2025-07-27 12:21:11','2025-07-27 12:21:11'),
(633,48,12,'2025-06-24','keluar','Pengiriman pesanan',0,'2025-07-27 12:21:11','2025-07-27 12:21:11'),
(634,57,6,'2025-06-24','keluar','Pengiriman pesanan',0,'2025-07-27 12:21:11','2025-07-27 12:21:11'),
(635,85,2,'2025-06-24','keluar','Pengiriman pesanan',0,'2025-07-27 12:21:11','2025-07-27 12:21:11'),
(636,82,4,'2025-06-24','keluar','Pengiriman pesanan',0,'2025-07-27 12:21:11','2025-07-27 12:21:11'),
(637,78,6,'2025-06-24','keluar','Pengiriman pesanan',0,'2025-07-27 12:21:11','2025-07-27 12:21:11'),
(638,23,6,'2025-06-24','keluar','Pengiriman pesanan',0,'2025-07-27 12:21:11','2025-07-27 12:21:11');
/*!40000 ALTER TABLE `mutasi` ENABLE KEYS */;
UNLOCK TABLES;

--
-- Table structure for table `persediaan`
--

DROP TABLE IF EXISTS `persediaan`;
/*!40101 SET @saved_cs_client     = @@character_set_client */;
/*!40101 SET character_set_client = utf8mb4 */;
CREATE TABLE `persediaan` (
  `id` bigint(20) unsigned NOT NULL AUTO_INCREMENT,
  `id_produk` bigint(20) unsigned NOT NULL,
  `jumlah` int(11) NOT NULL DEFAULT 0,
  `created_at` timestamp NULL DEFAULT NULL,
  `updated_at` timestamp NULL DEFAULT NULL,
  PRIMARY KEY (`id`),
  KEY `persediaan_id_produk_foreign` (`id_produk`),
  CONSTRAINT `persediaan_id_produk_foreign` FOREIGN KEY (`id_produk`) REFERENCES `produk` (`id`) ON DELETE CASCADE
) ENGINE=InnoDB AUTO_INCREMENT=90 DEFAULT CHARSET=utf8mb4 COLLATE=utf8mb4_unicode_ci;
/*!40101 SET character_set_client = @saved_cs_client */;

--
-- Dumping data for table `persediaan`
--

LOCK TABLES `persediaan` WRITE;
/*!40000 ALTER TABLE `persediaan` DISABLE KEYS */;
INSERT INTO `persediaan` VALUES
(2,2,44,'2025-06-08 06:08:34','2025-06-25 08:55:40'),
(3,3,85,'2025-06-08 06:11:36','2025-06-26 00:26:23'),
(4,4,29,'2025-06-08 06:16:05','2025-06-25 08:55:35'),
(5,5,51,'2025-06-08 06:20:49','2025-06-25 08:55:40'),
(6,6,114,'2025-06-08 08:00:46','2025-06-25 08:55:35'),
(7,7,50,'2025-06-08 08:02:57','2025-06-08 08:02:57'),
(8,8,45,'2025-06-08 08:07:18','2025-06-08 08:07:18'),
(9,9,57,'2025-06-08 08:09:28','2025-06-26 00:26:23'),
(10,10,38,'2025-06-08 08:11:38','2025-06-25 08:55:40'),
(11,11,59,'2025-06-08 08:18:39','2025-06-25 08:55:40'),
(12,12,39,'2025-06-08 08:22:03','2025-06-08 08:22:03'),
(13,13,34,'2025-06-08 08:24:13','2025-06-25 08:55:30'),
(14,14,54,'2025-06-08 08:27:04','2025-06-24 22:25:15'),
(15,15,110,'2025-06-08 08:30:38','2025-06-26 00:26:23'),
(16,16,47,'2025-06-08 10:49:30','2025-06-24 22:25:15'),
(17,17,60,'2025-06-08 10:51:14','2025-06-08 10:51:14'),
(18,18,0,'2025-06-08 10:52:33','2025-06-08 10:52:33'),
(19,19,48,'2025-06-08 10:54:00','2025-06-24 22:25:15'),
(20,20,44,'2025-06-08 10:56:19','2025-06-25 08:55:35'),
(22,22,41,'2025-06-08 11:00:26','2025-06-25 08:55:35'),
(23,23,42,'2025-06-08 11:02:09','2025-07-27 12:21:11'),
(24,24,79,'2025-06-08 11:04:55','2025-06-15 07:31:02'),
(25,25,58,'2025-06-08 11:07:20','2025-06-08 11:07:20'),
(26,26,49,'2025-06-08 11:09:12','2025-06-09 01:39:35'),
(27,27,26,'2025-06-08 11:11:37','2025-07-27 12:21:11'),
(28,28,61,'2025-06-08 11:14:14','2025-06-24 22:25:15'),
(29,29,37,'2025-06-08 11:17:34','2025-06-24 22:25:41'),
(30,30,116,'2025-06-08 11:20:05','2025-06-25 08:55:30'),
(31,31,118,'2025-06-08 11:21:40','2025-06-24 22:25:30'),
(33,33,37,'2025-06-08 11:27:17','2025-06-25 08:55:30'),
(34,34,45,'2025-06-08 11:29:22','2025-06-25 08:55:30'),
(35,35,36,'2025-06-08 11:31:03','2025-06-25 08:55:30'),
(36,36,38,'2025-06-08 11:33:08','2025-06-24 01:07:08'),
(37,37,37,'2025-06-08 11:34:53','2025-06-24 22:25:41'),
(38,38,47,'2025-06-08 11:36:49','2025-06-25 08:55:35'),
(39,39,29,'2025-06-08 11:38:15','2025-06-24 22:25:15'),
(40,40,36,'2025-06-08 11:39:49','2025-07-16 02:10:37'),
(41,41,53,'2025-06-08 11:41:55','2025-06-08 11:41:55'),
(42,42,41,'2025-06-08 11:43:43','2025-06-25 08:55:35'),
(43,43,44,'2025-06-08 11:46:08','2025-06-25 08:55:35'),
(44,44,35,'2025-06-08 11:48:06','2025-06-25 08:55:35'),
(45,45,44,'2025-06-08 20:36:42','2025-06-25 08:55:35'),
(46,46,84,'2025-06-08 20:38:19','2025-06-25 08:55:40'),
(47,47,96,'2025-06-08 20:39:59','2025-06-26 00:26:23'),
(48,48,14,'2025-06-08 20:41:11','2025-07-27 12:21:11'),
(49,49,40,'2025-06-08 20:42:24','2025-06-25 08:55:40'),
(50,50,44,'2025-06-08 20:44:19','2025-06-25 08:55:43'),
(51,51,39,'2025-06-08 20:45:41','2025-06-24 22:25:30'),
(52,52,70,'2025-06-08 20:47:13','2025-06-25 08:55:30'),
(54,54,24,'2025-06-08 20:51:46','2025-06-25 08:55:30'),
(55,55,24,'2025-06-08 20:53:04','2025-06-24 22:25:15'),
(56,56,27,'2025-06-08 20:54:42','2025-06-25 08:55:30'),
(57,57,2,'2025-06-08 20:56:06','2025-07-27 12:21:11'),
(58,58,46,'2025-06-08 20:57:12','2025-06-24 22:25:41'),
(59,59,36,'2025-06-08 20:59:33','2025-06-25 08:55:40'),
(60,60,36,'2025-06-08 21:00:57','2025-06-24 22:25:30'),
(61,61,30,'2025-06-08 21:02:46','2025-06-08 21:02:46'),
(62,62,48,'2025-06-08 21:04:49','2025-06-26 00:26:23'),
(63,63,0,'2025-06-08 21:06:55','2025-06-08 21:06:55'),
(65,65,44,'2025-06-08 21:10:26','2025-06-25 08:55:40'),
(66,66,41,'2025-06-08 21:13:08','2025-06-25 08:55:43'),
(67,67,49,'2025-06-08 21:15:14','2025-06-24 22:25:30'),
(68,68,35,'2025-06-08 21:17:07','2025-06-09 01:25:38'),
(69,69,25,'2025-06-08 21:19:02','2025-06-08 21:19:02'),
(70,70,0,'2025-06-08 21:21:12','2025-06-08 21:21:12'),
(71,71,51,'2025-06-08 21:22:38','2025-06-24 22:25:30'),
(72,72,55,'2025-06-08 21:24:52','2025-06-24 22:25:41'),
(73,73,34,'2025-06-10 03:39:45','2025-06-25 08:55:30'),
(74,74,93,'2025-06-10 03:45:38','2025-06-24 22:25:30'),
(75,75,52,'2025-06-10 03:52:15','2025-06-25 08:55:43'),
(76,76,49,'2025-06-10 03:59:15','2025-06-24 22:25:30'),
(77,77,74,'2025-06-10 04:02:32','2025-06-25 08:55:43'),
(78,78,67,'2025-06-13 07:38:29','2025-07-27 12:21:11'),
(79,79,81,'2025-06-13 07:40:34','2025-06-24 22:25:41'),
(80,80,93,'2025-06-13 07:42:44','2025-06-26 00:26:23'),
(81,81,59,'2025-06-13 07:49:32','2025-06-25 08:55:30'),
(82,82,28,'2025-06-13 07:51:18','2025-07-27 12:21:11'),
(83,83,45,'2025-06-15 07:47:29','2025-06-15 07:47:29'),
(84,84,40,'2025-06-15 07:50:02','2025-06-25 08:55:43'),
(85,85,32,'2025-06-15 07:52:09','2025-07-27 12:21:11'),
(86,86,75,'2025-06-24 23:08:23','2025-06-26 00:26:23'),
(87,87,5,'2025-07-16 02:29:33','2025-07-16 02:31:56'),
(88,88,0,'2025-07-23 00:50:49','2025-07-23 00:50:49'),
(89,89,0,'2025-07-23 00:53:20','2025-07-23 00:53:20');
/*!40000 ALTER TABLE `persediaan` ENABLE KEYS */;
UNLOCK TABLES;

--
-- Table structure for table `pesanan`
--

DROP TABLE IF EXISTS `pesanan`;
/*!40101 SET @saved_cs_client     = @@character_set_client */;
/*!40101 SET character_set_client = utf8mb4 */;
CREATE TABLE `pesanan` (
  `id` bigint(20) unsigned NOT NULL AUTO_INCREMENT,
  `id_produk` bigint(20) unsigned NOT NULL,
  `id_reseller` bigint(20) unsigned DEFAULT NULL,
  `id_transaksi` bigint(20) unsigned DEFAULT NULL,
  `id_keranjang_belanja` bigint(20) unsigned DEFAULT NULL,
  `jumlah` int(11) NOT NULL DEFAULT 1,
  `satuan` tinyint(1) NOT NULL DEFAULT 0,
  `created_at` timestamp NULL DEFAULT NULL,
  `updated_at` timestamp NULL DEFAULT NULL,
  PRIMARY KEY (`id`),
  KEY `pesanan_id_produk_foreign` (`id_produk`),
  KEY `pesanan_id_reseller_foreign` (`id_reseller`),
  KEY `pesanan_id_transaksi_foreign` (`id_transaksi`),
  KEY `pesanan_id_keranjang_belanja_foreign` (`id_keranjang_belanja`),
  CONSTRAINT `pesanan_id_keranjang_belanja_foreign` FOREIGN KEY (`id_keranjang_belanja`) REFERENCES `keranjang_belanja` (`id`) ON DELETE CASCADE,
  CONSTRAINT `pesanan_id_produk_foreign` FOREIGN KEY (`id_produk`) REFERENCES `produk` (`id`) ON DELETE CASCADE,
  CONSTRAINT `pesanan_id_reseller_foreign` FOREIGN KEY (`id_reseller`) REFERENCES `reseller` (`id`) ON DELETE CASCADE,
  CONSTRAINT `pesanan_id_transaksi_foreign` FOREIGN KEY (`id_transaksi`) REFERENCES `transaksi` (`id`) ON DELETE CASCADE
) ENGINE=InnoDB AUTO_INCREMENT=98 DEFAULT CHARSET=utf8mb4 COLLATE=utf8mb4_unicode_ci;
/*!40101 SET character_set_client = @saved_cs_client */;

--
-- Dumping data for table `pesanan`
--

LOCK TABLES `pesanan` WRITE;
/*!40000 ALTER TABLE `pesanan` DISABLE KEYS */;
INSERT INTO `pesanan` VALUES
(1,33,1,1,NULL,1,0,'2025-06-24 22:04:53','2025-06-24 22:06:16'),
(2,29,1,1,NULL,1,0,'2025-06-24 22:04:57','2025-06-24 22:06:16'),
(3,42,1,1,NULL,2,0,'2025-06-24 22:05:02','2025-06-24 22:06:16'),
(4,72,1,1,NULL,1,0,'2025-06-24 22:05:09','2025-06-24 22:06:16'),
(5,37,1,1,NULL,1,0,'2025-06-24 22:05:19','2025-06-24 22:06:16'),
(6,58,1,1,NULL,1,0,'2025-06-24 22:05:25','2025-06-24 22:06:16'),
(7,79,1,1,NULL,4,0,'2025-06-24 22:05:35','2025-06-24 22:06:16'),
(8,27,2,2,NULL,3,0,'2025-06-24 22:07:11','2025-06-24 22:08:34'),
(9,48,2,2,NULL,12,0,'2025-06-24 22:07:22','2025-06-24 22:08:34'),
(10,57,2,2,NULL,6,0,'2025-06-24 22:07:36','2025-06-24 22:08:34'),
(11,85,2,2,NULL,2,0,'2025-06-24 22:07:44','2025-06-24 22:08:34'),
(12,82,2,2,NULL,4,0,'2025-06-24 22:07:54','2025-06-24 22:08:34'),
(13,78,2,2,NULL,6,0,'2025-06-24 22:08:04','2025-06-24 22:08:34'),
(14,23,2,2,NULL,6,0,'2025-06-24 22:08:18','2025-06-24 22:08:34'),
(15,9,3,3,NULL,12,0,'2025-06-24 22:13:27','2025-06-24 22:15:15'),
(16,16,3,3,NULL,6,0,'2025-06-24 22:13:37','2025-06-24 22:15:15'),
(17,15,3,3,NULL,6,0,'2025-06-24 22:13:45','2025-06-24 22:15:15'),
(18,14,3,3,NULL,6,0,'2025-06-24 22:13:55','2025-06-24 22:15:15'),
(19,19,3,3,NULL,12,0,'2025-06-24 22:14:06','2025-06-24 22:15:15'),
(20,39,3,3,NULL,1,0,'2025-06-24 22:14:12','2025-06-24 22:15:15'),
(21,38,3,3,NULL,1,0,'2025-06-24 22:14:17','2025-06-24 22:15:15'),
(22,55,3,3,NULL,6,0,'2025-06-24 22:14:27','2025-06-24 22:15:15'),
(23,28,3,3,NULL,6,0,'2025-06-24 22:14:36','2025-06-24 22:15:15'),
(24,80,3,3,NULL,6,0,'2025-06-24 22:14:56','2025-06-24 22:15:15'),
(25,22,4,4,NULL,6,0,'2025-06-24 22:19:52','2025-06-24 22:22:06'),
(26,31,4,4,NULL,12,0,'2025-06-24 22:20:05','2025-06-24 22:22:06'),
(27,51,4,4,NULL,6,0,'2025-06-24 22:20:22','2025-06-24 22:22:06'),
(28,76,4,4,NULL,6,0,'2025-06-24 22:20:32','2025-06-24 22:22:06'),
(29,74,4,4,NULL,12,0,'2025-06-24 22:20:42','2025-06-24 22:22:06'),
(30,71,4,4,NULL,6,0,'2025-06-24 22:20:52','2025-06-24 22:22:06'),
(31,60,4,4,NULL,2,0,'2025-06-24 22:20:59','2025-06-24 22:22:06'),
(32,59,4,4,NULL,2,0,'2025-06-24 22:21:07','2025-06-24 22:22:06'),
(33,65,4,4,NULL,3,0,'2025-06-24 22:21:15','2025-06-24 22:22:06'),
(34,67,4,4,NULL,6,0,'2025-06-24 22:21:25','2025-06-24 22:22:06'),
(35,84,4,6,NULL,4,0,'2025-06-24 22:21:37','2025-06-25 08:36:42'),
(36,6,4,6,NULL,6,0,'2025-06-24 22:21:52','2025-06-25 08:36:42'),
(37,2,1,7,NULL,2,0,'2025-06-24 23:18:30','2025-06-25 08:38:19'),
(38,5,1,7,NULL,3,0,'2025-06-24 23:18:36','2025-06-25 08:38:19'),
(39,11,1,7,NULL,3,0,'2025-06-24 23:18:43','2025-06-25 08:38:19'),
(40,10,1,7,NULL,6,0,'2025-06-24 23:18:50','2025-06-25 08:38:19'),
(41,3,3,5,NULL,12,0,'2025-06-25 08:29:47','2025-06-25 08:33:35'),
(42,9,3,5,NULL,12,0,'2025-06-25 08:30:02','2025-06-25 08:33:35'),
(43,13,3,5,NULL,6,0,'2025-06-25 08:30:13','2025-06-25 08:33:35'),
(44,35,3,5,NULL,6,0,'2025-06-25 08:30:26','2025-06-25 08:33:35'),
(45,35,3,5,NULL,6,0,'2025-06-25 08:30:27','2025-06-25 08:33:35'),
(46,34,3,5,NULL,5,0,'2025-06-25 08:30:33','2025-06-25 08:33:35'),
(47,33,3,5,NULL,3,0,'2025-06-25 08:30:39','2025-06-25 08:33:35'),
(48,30,3,5,NULL,12,0,'2025-06-25 08:30:53','2025-06-25 08:33:35'),
(49,38,3,5,NULL,1,0,'2025-06-25 08:31:21','2025-06-25 08:33:35'),
(50,86,3,5,NULL,12,0,'2025-06-25 08:31:53','2025-06-25 08:33:35'),
(51,81,3,5,NULL,6,0,'2025-06-25 08:32:07','2025-06-25 08:33:35'),
(52,75,3,5,NULL,3,0,'2025-06-25 08:32:18','2025-06-25 08:33:35'),
(53,73,3,5,NULL,6,0,'2025-06-25 08:32:34','2025-06-25 08:33:35'),
(54,54,3,5,NULL,1,0,'2025-06-25 08:32:43','2025-06-25 08:33:35'),
(55,56,3,5,NULL,3,0,'2025-06-25 08:32:50','2025-06-25 08:33:35'),
(56,52,3,5,NULL,6,0,'2025-06-25 08:33:02','2025-06-25 08:33:35'),
(57,2,4,6,NULL,6,0,'2025-06-25 08:34:12','2025-06-25 08:36:42'),
(58,4,4,6,NULL,6,0,'2025-06-25 08:34:21','2025-06-25 08:36:42'),
(59,11,4,6,NULL,6,0,'2025-06-25 08:34:49','2025-06-25 08:36:42'),
(60,10,4,6,NULL,12,0,'2025-06-25 08:35:00','2025-06-25 08:36:42'),
(61,22,4,6,NULL,3,0,'2025-06-25 08:35:21','2025-06-25 08:36:42'),
(62,20,4,6,NULL,3,0,'2025-06-25 08:35:28','2025-06-25 08:36:42'),
(63,38,4,6,NULL,1,0,'2025-06-25 08:35:37','2025-06-25 08:36:42'),
(64,40,4,6,NULL,2,0,'2025-06-25 08:35:43','2025-06-25 08:36:42'),
(65,43,4,6,NULL,1,0,'2025-06-25 08:35:54','2025-06-25 08:36:42'),
(66,42,4,6,NULL,1,0,'2025-06-25 08:36:00','2025-06-25 08:36:42'),
(67,44,4,6,NULL,1,0,'2025-06-25 08:36:04','2025-06-25 08:36:42'),
(68,45,4,6,NULL,6,0,'2025-06-25 08:36:12','2025-06-25 08:36:42'),
(69,47,4,6,NULL,6,0,'2025-06-25 08:36:23','2025-06-25 08:36:42'),
(70,49,1,7,NULL,3,0,'2025-06-25 08:37:17','2025-06-25 08:38:19'),
(71,46,1,7,NULL,3,0,'2025-06-25 08:37:26','2025-06-25 08:38:19'),
(72,47,1,7,NULL,6,0,'2025-06-25 08:37:40','2025-06-25 08:38:19'),
(73,65,1,7,NULL,3,0,'2025-06-25 08:37:54','2025-06-25 08:38:19'),
(74,59,1,7,NULL,4,0,'2025-06-25 08:38:00','2025-06-25 08:38:19'),
(75,50,2,8,NULL,6,0,'2025-06-25 08:50:59','2025-06-25 08:52:31'),
(76,66,2,8,NULL,4,0,'2025-06-25 08:51:17','2025-06-25 08:52:31'),
(77,77,2,8,NULL,6,0,'2025-06-25 08:51:27','2025-06-25 08:52:31'),
(78,86,2,8,NULL,12,0,'2025-06-25 08:51:39','2025-06-25 08:52:31'),
(79,84,2,8,NULL,6,0,'2025-06-25 08:51:48','2025-06-25 08:52:31'),
(80,75,2,8,NULL,5,0,'2025-06-25 08:51:59','2025-06-25 08:52:31'),
(81,3,2,8,NULL,12,0,'2025-06-25 08:52:16','2025-06-25 08:52:31'),
(82,3,4,9,NULL,6,0,'2025-06-26 00:23:39','2025-06-26 00:25:26'),
(83,9,4,9,NULL,2,0,'2025-06-26 00:23:47','2025-06-26 00:25:26'),
(84,15,4,9,NULL,6,0,'2025-06-26 00:24:00','2025-06-26 00:25:26'),
(85,47,4,9,NULL,12,0,'2025-06-26 00:24:26','2025-06-26 00:25:26'),
(86,80,4,9,NULL,6,0,'2025-06-26 00:24:39','2025-06-26 00:25:26'),
(87,86,4,9,NULL,1,0,'2025-06-26 00:24:50','2025-06-26 00:25:26'),
(88,62,4,9,NULL,12,0,'2025-06-26 00:25:07','2025-06-26 00:25:26'),
(89,3,3,NULL,3,1,0,'2025-07-15 12:09:03','2025-07-15 12:09:03'),
(90,2,3,NULL,3,3,0,'2025-07-15 12:09:11','2025-07-15 12:09:11'),
(91,6,3,NULL,3,7,0,'2025-07-15 12:09:20','2025-07-15 12:09:20'),
(92,2,1,10,NULL,1,0,'2025-07-16 01:58:17','2025-07-16 02:00:54'),
(93,40,1,11,NULL,2,0,'2025-07-16 02:05:00','2025-07-16 02:05:13'),
(94,2,1,12,NULL,1,0,'2025-07-27 11:11:21','2025-07-27 11:11:50'),
(95,3,1,13,NULL,1,0,'2025-07-27 11:12:48','2025-07-27 11:30:09'),
(96,4,1,13,NULL,1,0,'2025-07-27 11:12:53','2025-07-27 11:30:09'),
(97,2,1,13,NULL,1,0,'2025-07-27 11:29:51','2025-07-27 11:30:09');
/*!40000 ALTER TABLE `pesanan` ENABLE KEYS */;
UNLOCK TABLES;

--
-- Table structure for table `produk`
--

DROP TABLE IF EXISTS `produk`;
/*!40101 SET @saved_cs_client     = @@character_set_client */;
/*!40101 SET character_set_client = utf8mb4 */;
CREATE TABLE `produk` (
  `id` bigint(20) unsigned NOT NULL AUTO_INCREMENT,
  `nama_produk` varchar(100) NOT NULL,
  `kode_produk` varchar(20) NOT NULL,
  `harga_beli` decimal(10,2) NOT NULL,
  `harga_jual` decimal(10,2) NOT NULL,
  `lead_time` int(11) NOT NULL DEFAULT 0,
  `deskripsi` text DEFAULT NULL,
  `gambar` varchar(255) DEFAULT NULL,
  `exp` date DEFAULT NULL,
  `harga_jual_unit_kecil` decimal(10,2) NOT NULL,
  `tingkat_konversi` int(11) NOT NULL DEFAULT 0,
  `unit_kecil` enum('pcs','botol','kilogram') NOT NULL,
  `unit_besar` enum('dos','bal','pack','renteng') NOT NULL,
  `created_at` timestamp NULL DEFAULT NULL,
  `updated_at` timestamp NULL DEFAULT NULL,
  PRIMARY KEY (`id`),
  UNIQUE KEY `produk_kode_produk_unique` (`kode_produk`)
) ENGINE=InnoDB AUTO_INCREMENT=90 DEFAULT CHARSET=utf8mb4 COLLATE=utf8mb4_unicode_ci;
/*!40101 SET character_set_client = @saved_cs_client */;

--
-- Dumping data for table `produk`
--

LOCK TABLES `produk` WRITE;
/*!40000 ALTER TABLE `produk` DISABLE KEYS */;
INSERT INTO `produk` VALUES
(2,'Minyak sedaap 1 Liter','8998866501026',20000.00,21000.00,5,'Minyak sedaap kemasan 1 Liter \r\nNote*\r\nHarga Perpcs','images/fJvAyz9yHzUAmrTSO5MXugxbN266gcMrAZALDBkt.jpg','2027-06-18',21000.00,1,'pcs','dos',NULL,NULL),
(3,'Minyak Fitri 400ml','8992946533662',9000.00,10000.00,5,'Minyak Fitri kemasan 400ml','images/SZiHq4U21Bx4y1Jp9kT0ROuv2IuuDGm6lhJc22pA.jpg','2027-03-26',10000.00,1,'pcs','dos',NULL,NULL),
(4,'Minyak Fitri 200ml','8992946534676',4000.00,5000.00,5,'Minyak Fitri kemasan 200ml','images/IjN4RFQVVEB7zA8QStt8ZQ8lOURPbiRU4iC4kyYf.jpg','2026-09-20',5000.00,1,'pcs','dos',NULL,NULL),
(5,'Le Minerale 600ml','8996001600269',4000.00,5000.00,5,'Le Minerale isi 600ml\r\nNote*Harga Perpcs','images/XIgeIxoxD9mYF1WuBVe0jdqm0T29F086tfs6027L.jpg','2028-08-31',5000.00,1,'pcs','dos',NULL,NULL),
(6,'Aqua 600 ml','8886008101053',5000.00,6000.00,4,'Aqua 600ml','images/VSOu6NaLadJImqVTk0tV5uXX2ErRVfN7B7oRuKwT.jpg','2027-01-23',6000.00,1,'pcs','dos',NULL,NULL),
(7,'Teh pucuk harum 350ml','8996001600146',3000.00,4000.00,5,'Teh pucuk harum 350ml','images/LmN34oG5Q0bK7Cxec8fDiuWYbIhnfPToABoZR9Wx.jpg','2026-02-11',4000.00,1,'pcs','dos',NULL,NULL),
(8,'Floridina 350ml','8998866500708',3000.00,4000.00,4,'Floridina 350ml\r\nNote* harga perpcs','images/oV0COB5MbVoHzrBCwYHVCohJa6hacq2GNNSnjnLd.jpg','2025-09-28',4000.00,1,'pcs','dos',NULL,NULL),
(9,'YouC Jeruk Orange','8997009510055',6000.00,7000.00,4,'Note*harga Perpcs','images/hzOYkNDFlXmMXbcBfj5KbMie07kQef1XZiBaCcqR.jpg','2025-11-06',7000.00,1,'pcs','dos',NULL,NULL),
(10,'Nestle susu beruang','8992696404441',9000.00,10000.00,4,NULL,'images/TSJZk1PbxiCiqEiwWFn1SzMeaN5qIHSoZHMctCxQ.jpg','2026-04-16',10000.00,1,'pcs','dos',NULL,NULL),
(11,'Larutan cap kaki tiga','8995227500278',5000.00,6000.00,4,NULL,'images/8fIal2JcWCAgMxIgDDXj2gJ5Cb2NXx8EvYMBGl77.jpg','2028-02-13',6000.00,1,'pcs','dos',NULL,NULL),
(12,'Brilian sardines in tomato sauce 155 gram','697478746341',6000.00,7000.00,7,NULL,'images/5uK6ZNDv2yQFbFKF6oyn4tnH3WMt0N65Bqn6atgd.jpg','2028-02-22',7000.00,1,'pcs','dos',NULL,NULL),
(13,'Milano 500gram','9555678902022',23000.00,24000.00,7,NULL,'images/GvtHXuTpg0v5rl5Rfp6ftj96XLNO1pyGgA1WyfDF.jpg','2026-03-12',24000.00,1,'pcs','dos',NULL,NULL),
(14,'Frisian flag cokelat 370gr','8992753102204',11000.00,12000.00,5,NULL,'images/Ihkum882HHvjjaYbWTMAanoF6Hcc6ySZqjlxGQbq.jpg','2025-11-14',12000.00,1,'pcs','dos',NULL,NULL),
(15,'Cap enak kental manis cokelat 370gr','8992702000025',10000.00,11000.00,5,NULL,'images/QET9ZDJlIG293XQpwCgzfFG7CPZDkwbpWTxCYRJl.jpg','2026-01-28',11000.00,1,'pcs','dos',NULL,NULL),
(16,'Frisian flag Putih 370gr','8992753101207',11000.00,12000.00,5,NULL,'images/HK7Q1i8cDCh49yjUZ8cVZhS9EgU0I9fxFEk0PzkK.jpg','2026-01-08',12000.00,1,'pcs','dos',NULL,NULL),
(17,'Mama Lemon 1500ml','8998866106092',23000.00,24000.00,4,NULL,'images/6JQfW4ejAUytFHPlH6QVkVbwja6vaTWLAKIQVE7z.jpg','2030-06-08',24000.00,1,'pcs','dos',NULL,NULL),
(18,'Mama Lemon 950ml','8998866109864',9000.00,10000.00,4,NULL,'images/IieS9oD7Jene9S1AfXvf5gBHwzlkN04H503rzRUC.jpg','2031-06-28',10000.00,1,'pcs','dos',NULL,NULL),
(19,'VAPE JUMBO','8992857010528',4000.00,5000.00,5,NULL,'images/lAiUh1ojCOj38B24BE6jdOXUhhk9GJzsyl8YnPCa.jpg','2032-06-29',5000.00,1,'pcs','dos',NULL,NULL),
(20,'Roma kelapa cream susu vanila','8996001305249',10000.00,11000.00,7,NULL,'images/VGgXcN5SWGRJBl03NsO9AH1jsHPhWkz9CTBfm4Zk.jpg','2025-09-11',11000.00,1,'pcs','dos',NULL,NULL),
(22,'Roma Sandwich chocolate','8996001305041',7000.00,8000.00,5,NULL,'images/HyhUFzF4oez2Gi3HOQxlWHQdJAyL6vkuKVYclb6g.jpg','2026-03-01',8000.00,1,'pcs','dos',NULL,NULL),
(23,'Slai O\'lai selai Nanas','8996001304020',8000.00,9000.00,6,NULL,'images/w9syvvbUPML1uG4BgWq4eugIbTS1ODqy2KHX0TrE.jpg','2026-04-01',9000.00,1,'pcs','dos',NULL,NULL),
(24,'Nabati Wafer krim cokelat 110g','8993175557733',4000.00,5000.00,7,NULL,'images/YTOqroCGozGqFet680Gk9tPWWzCFe55vp9lpVBRS.jpg','2026-02-04',5000.00,1,'pcs','dos',NULL,NULL),
(25,'Sedaap kecap Manis 725g','8998866202268',16000.00,17000.00,5,NULL,'images/hWfxJYCWDdH0ZD6ViIWDubLuGQkUxwp5u6FIapj1.jpg','2027-03-14',17000.00,1,'pcs','dos',NULL,NULL),
(26,'Kecap manis nasional','8991976000755',16000.00,17000.00,5,NULL,'images/xpMUrgsN0pJEqAnVpUuwwFdN7yBJr34y579HrU7n.jpg','2027-10-11',17000.00,1,'pcs','dos',NULL,NULL),
(27,'Kecap sedaap manis 700g','8998866608084',16000.00,17000.00,5,NULL,'images/udcg1tGQsDPBNcwCdbMjfoDTyGLIFfYDxNz83miD.jpg','2026-03-12',17000.00,1,'pcs','dos',NULL,NULL),
(28,'Sariwangi teh asli','8999999195649',5000.00,6000.00,4,NULL,'images/qLDrEPedeSvx1Z7hVTVoes36I1KJLqA27SBkNavx.jpg','2027-03-11',6000.00,1,'pcs','dos',NULL,NULL),
(29,'Teh Sosro celup 30 kantong teh','8886007811076',6000.00,7000.00,5,NULL,'images/9rMGAdk9Lf66y98IBmacrxP1ka5P3eJk722wXgZt.jpg','2027-03-10',7000.00,1,'pcs','dos',NULL,NULL),
(30,'Dua Pedang 1Kg','8995333060796',9000.00,10000.00,5,NULL,'images/y2xHJIzjqozAFagsrNxuhutflrNEF61HskxM4fuk.jpg','2026-01-17',10000.00,1,'pcs','dos',NULL,NULL),
(31,'Gatotkaca 1kg','8995333032113',10000.00,11000.00,5,NULL,'images/SZmd20sZYbeWAEU1iltLMhm0T18h8kgnPECUoe3q.jpg','2026-01-17',11000.00,1,'pcs','dos',NULL,NULL),
(33,'Extrajoss isi 12 sachet','8993058105013',10000.00,11000.00,7,NULL,'images/SkDJgxWRylOjxs50XPv4nhTAjDf1D1auOK9P6W7g.png','2026-12-01',11000.00,1,'pcs','dos',NULL,NULL),
(34,'M Susu','8995150101696',8000.00,9000.00,7,NULL,'images/PzJdJ8ycRfbwQq1j8t4KVMYNNz5TVhspXVy66kwb.jpg','2027-06-10',9000.00,1,'pcs','dos',NULL,NULL),
(35,'NoMos obat nyamuk','8997027300072',4000.00,5000.00,5,NULL,'images/mPs6RvUeoeYGxT8dlnJuHNEZdcha5HE8D73UZAOU.jpg','2026-06-20',5000.00,1,'pcs','dos',NULL,NULL),
(36,'Indomie rasa Coto Makassar','0089686043051',116000.00,118000.00,5,'note*harga perdos','images/VHSvD4YUl6obfcvMTjdlu9xtck8MQQiealxeRXE3.jpg','2026-08-14',118000.00,1,'pcs','dos',NULL,NULL),
(37,'Indomie rasa soto Lamongan','0089686043419',116000.00,118000.00,5,'note*harga perdos','images/AUvuepdvXJBJ8OB0WDDF9DHz9oXv12iLLJoAb8is.png','2025-11-06',118000.00,1,'pcs','dos',NULL,NULL),
(38,'Indomie  goreng rasa ayam geprek','0089686043433',116000.00,118000.00,5,'note*harga perdos','images/uKLPV60lExv3fvNz83oTsmckBz6gp8eK55A71Z47.png','2025-11-27',118000.00,1,'pcs','dos',NULL,NULL),
(39,'Indomie  goreng sambal rica-rica','0089686043273',116000.00,118000.00,5,'note*harga perdos','images/25zobnHwaePoHLumcC3zZakGki9mmZG1QA9JsYLQ.jpg','2026-02-11',118000.00,1,'pcs','dos',NULL,NULL),
(40,'Indomie mie goreng','0089686010824',116000.00,118000.00,5,'Note* Perdos','images/DhJynQ5uaDnqF9MhbsOHrz5t4paSyxU3rhhaHdAz.jpg','2026-01-14',118000.00,1,'pcs','dos',NULL,NULL),
(41,'Mie Sedaap Goreng','8998866200301',116000.00,118000.00,5,NULL,'images/lyfLWWr0ga8y9dBcqnb7m3SV2z39p4BaGQRfi5Dh.jpg','2026-09-17',118000.00,1,'pcs','dos',NULL,NULL),
(42,'Intermie goreng','0089686021219',48000.00,50000.00,4,'note*harga perdos','images/vPDcq36U3LxyvaBoXMPqJ4jAH1kV5vmDw2JxRQkd.jpg','2025-10-24',50000.00,1,'pcs','dos',NULL,NULL),
(43,'Intermie Rasa Soto','0089686021141',45000.00,47000.00,4,'note*harga perdos','images/C2Q3HrBbSpODtdVlpaQjjqv5fyPZOTwEcACjwoTv.jpg','2025-12-25',47000.00,1,'pcs','dos',NULL,NULL),
(44,'Intermie Rasa Kaldu ayam','0089686021103',43000.00,45000.00,4,'note*perdos','images/Mu4cXyUyFzNsrhr0ZawegAvo0hFtfWks7yFktQqj.jpg','2025-12-27',45000.00,1,'pcs','dos',NULL,NULL),
(45,'Pop mie sedaap goreng','8998866200813',4000.00,5000.00,5,NULL,'images/QXYq2HaUcyaFrSITWxFGhdLImuYOXXQKrW40ygWL.jpg','2025-12-12',5000.00,1,'pcs','dos',NULL,NULL),
(46,'Pop mie sedaap rawit bangit rasa ayam jerit','8998866202930',4000.00,5000.00,5,NULL,'images/w0SV8eBTDURcgtrv4Q4BFkdMGQp3QtHECUBYAp6q.jpg','2025-12-23',5000.00,1,'pcs','dos',NULL,NULL),
(47,'Pop mie sedaap Rawit bangit rasa bakso bleduk','8998866203258',4000.00,5000.00,5,NULL,'images/JYddklQ4vuN30JHJDXqLbxZz0o0bLHf1yjvoBvGj.jpg','2026-02-10',5000.00,1,'pcs','dos',NULL,NULL),
(48,'Pop Mie Rasa ayam','089686060027',5000.00,6000.00,5,'harga perpcs','images/0j8E81rDptFdmmAXm4QTDG8kDI0irG11P8jXSEhd.jpg','2026-01-15',6000.00,1,'pcs','dos',NULL,NULL),
(49,'Pop mie rasa soto ayam','089686060362',5000.00,6000.00,5,'harga perpcs','images/veAQm7bgjpbeTLEV63SvAQWY36zObzlE1ZGphYaR.jpg','2026-01-13',6000.00,1,'pcs','dos',NULL,NULL),
(50,'Masako rasa ayam 250g','8992770034151',8000.00,10000.00,5,NULL,'images/B9ExBlpvsbQCFP9wski0OD0PYepbepDoOYWksZLT.jpg','2026-09-16',10000.00,1,'pcs','dos',NULL,NULL),
(51,'Masako rasa ayam 100g','8992770034175',4000.00,5000.00,5,NULL,'images/J05s6ieK7HY7JTcuHuLgxpY9ALxLvAP4LfXZltDl.jpg','2026-03-04',5000.00,1,'pcs','dos',NULL,NULL),
(52,'Sajiku serbaguna 220g','8992770084064',5000.00,6000.00,5,NULL,'images/KCHyb72ZqtVsjQt6YegRW6rCebRt9MlZZEZbXKZN.jpg','2026-10-16',6000.00,1,'pcs','dos',NULL,NULL),
(54,'Ajinomoto micin 250g','8992770011091',10000.00,11000.00,7,NULL,'images/6xF9JtiZ1rOQoWxPzVAh7eg1SbfpaSqTkCylVJhm.png','2033-06-25',11000.00,1,'pcs','dos',NULL,NULL),
(55,'Ajinomoto micin 100g','8992770011084',4000.00,5000.00,7,NULL,'images/JsdRWVWcaAKWRXuho63bu6HBg8hgPZtICKesOfiD.jpg','2032-06-26',5000.00,1,'pcs','dos',NULL,NULL),
(56,'Ajinomoto micin 16g','8992770011152',500.00,1000.00,7,NULL,'images/f1to6EtXRYXnugdHXM6Pzo1d7QqZG8a1QhBVskBo.jpg','2032-06-26',1000.00,1,'pcs','dos',NULL,NULL),
(57,'Ekomie','8998866200561',9000.00,10000.00,6,NULL,'images/tAJ9Fd8LEmFvFIJ0XKGGaagIpQJzPY9PJn6mYz2y.jpg','2025-12-12',10000.00,1,'pcs','dos',NULL,NULL),
(58,'Bihun jagung bijag 300g','8997011700123',6000.00,7000.00,6,NULL,'images/PVlbXMwO2XPcMJMkJ2gEeWq7vzjSyzw9fxcbC7Xk.jpg','2026-10-25',7000.00,1,'pcs','dos',NULL,NULL),
(59,'ABC Squash Delight Nanas','711844150027',12000.00,13000.00,7,NULL,'images/GlmZ4rB1frIylVsBXRzXDhS7hcEuwW2y5VwyCTc1.jpg','2026-04-09',13000.00,1,'pcs','dos',NULL,NULL),
(60,'ABC Squash Delight Jeruk Floridina','711844150003',12000.00,13000.00,7,NULL,'images/s7wwRii8UcQLyNNxrrEH09UHdrGRHbxIIAI5tL5G.jpg','2027-09-30',13000.00,1,'pcs','dos',NULL,NULL),
(61,'Sirup rasa pisang Ambon','8997018720018',26000.00,27000.00,4,NULL,'images/jwjXfYGlEdkxtV3rYLKqAWkb0rpTVkuPRwQYz7hS.jpg','2026-12-01',27000.00,1,'pcs','dos',NULL,NULL),
(62,'Baby Happy body fit pants ukuran M','8998866500463',2000.00,2500.00,3,NULL,'images/1bd4SMm3Q4M74j3Ig97IA8aNhML49lipxNYHlauJ.jpg','2027-11-19',2500.00,1,'pcs','dos',NULL,NULL),
(63,'Hers protex Sachet 23Cm','8998866500357',4500.00,5000.00,5,NULL,'images/fuh6jrUix7c4nAwxsvz6A8coq4tQUwScmQozqfOS.jpg','2027-06-25',5000.00,1,'pcs','dos',NULL,NULL),
(65,'Hers protex comfort night Sachet 30Cm','8998866615174',7000.00,8000.00,5,'Harga Perrenteng','images/bvuBR3DYN3XqERko03MYMEmOsq7xFTSHrbwilW1r.jpg','2028-01-14',8000.00,1,'pcs','dos',NULL,NULL),
(66,'Prochiz gold cheddar 160g','8997014450216',14000.00,15000.00,5,NULL,'images/wCuFitQZsM04yjIZL0rygRyLsjnk8CtKWXoVIEL0.jpg','2026-03-10',15000.00,1,'pcs','dos',NULL,NULL),
(67,'Antaka bumbu rasa balado','8997028630017',5000.00,6000.00,5,NULL,'images/8hMnAO2tHqFx5d9jVJrM89RPgx0JnLr8YvSlfTAT.jpg','2026-09-26',6000.00,1,'pcs','dos',NULL,NULL),
(68,'MaxCreamer 500g','9311931183160',42000.00,43000.00,7,NULL,'images/43G3zr93JVyIKn5ltgRZt5Oymer3CU66glOq2x9u.jpg','2026-10-22',43000.00,1,'pcs','dos',NULL,NULL),
(69,'Swallow Lily sachet o color','8991689890384',3000.00,4000.00,6,NULL,'images/2cd5bp0U21z53NDm9m6PLzVz5cCr8k4NWnx4FYYa.jpg','2027-07-24',4000.00,1,'pcs','dos',NULL,NULL),
(70,'Posh deo lotion whitening sachet','8998866202374',2000.00,3000.00,3,NULL,'images/0BfVG9cj2892iYgGyNft6MCgvnXKchx0NiOTIwu3.jpg','2027-11-19',3000.00,1,'pcs','dos',NULL,NULL),
(71,'Tora moka kopi susu sachet','8996001410042',17000.00,18000.00,6,NULL,'images/Fc2D4WuRpqVEa6zWIe9AOX4a8S6AJoBs9PvASmME.jpg','2025-11-01',18000.00,1,'pcs','dos',NULL,NULL),
(72,'Nabati Wafer krim cokelat 37g','8993175535885',1000.00,2000.00,7,NULL,'images/YKz6KoZYTKSgCPe77i9a2I9wjU4xduWh1aCpx0OP.jpg','2026-01-10',2000.00,1,'pcs','dos',NULL,NULL),
(73,'Frisian flag strawberry kotak 115ml','8992753184002',3000.00,4000.00,6,NULL,'images/lXaaxSOpaNcxaUBxjM5qxteuYblyEDuw8R3A5IxC.jpg','2025-12-17',4000.00,1,'pcs','dos',NULL,NULL),
(74,'Clevo cokelat','8992775717004',2500.00,3000.00,5,NULL,'images/i16NtP5WHeu9K4JIq0auETMsp98SQWV9HtJ0jzr1.jpg','2026-03-13',3000.00,1,'pcs','dos',NULL,NULL),
(75,'Sabun cream ekonomi','8998866671699',5000.00,6000.00,5,NULL,'images/8zXBhUmDluqCK377uwe0KswJ45T9RMQd5cSoogEh.jpg','2033-06-10',6000.00,1,'pcs','dos',NULL,NULL),
(76,'Roti Beta Rasa Nanas','8991682000674',8000.00,9000.00,5,NULL,'images/kmBLjxGvA7CIBOQIr21K5HwUhfVvRA7Vxzsa2F6d.jpg','2025-06-20',9000.00,1,'pcs','dos',NULL,NULL),
(77,'Nice tissue','8993053121407',6000.00,7000.00,4,NULL,'images/SsfyLRSaXqejMHs6iF15WIUjG94Y4g6Gl3BX9TkM.jpg','2029-07-28',7000.00,1,'pcs','dos',NULL,NULL),
(78,'Pocky Chocolate','8990044000000',9000.00,10000.00,5,NULL,'images/BF5gAmP2xM7trLfgmcERaxd0SluZuOwymDWeI7pZ.jpg','2026-05-18',10000.00,1,'pcs','dos',NULL,NULL),
(79,'SoSoft Detergen tumbuhan','8998866626552',9000.00,10000.00,5,NULL,'images/mM6vAK7fpbbBqvBQATApcJ40drV07Rf6LpfI4M1N.jpg','2033-06-13',10000.00,1,'pcs','dos',NULL,NULL),
(80,'Ciptadent pasta gigi 75g','8998866105057',4000.00,5000.00,5,NULL,'images/shHs5UN6EKgh1yT12F1Eb8GKCB6W0hWw7dWBrJ4U.jpg','2031-06-28',5000.00,1,'pcs','dos',NULL,NULL),
(81,'Cimory fresh milk chocolate tiramisu','8993200667246',7000.00,8000.00,5,NULL,'images/YIWeJcNsuzjU6TUMe1gFkTJWblPpt9sRlDPNt7bD.jpg','2025-12-18',8000.00,1,'pcs','dos',NULL,NULL),
(82,'Blue band serbaguna saset','7118117027117',7000.00,8000.00,4,NULL,'images/dzwekoXE9l1KXBIRiWiYUuUYDm6zin7uYIHMjyNI.jpg','2025-12-18',8000.00,1,'pcs','dos',NULL,NULL),
(83,'Frisian flag full cream 225ml','8992753033744',6000.00,7000.00,6,NULL,'images/73DlB58cZAVj1cEwjWS7mSQw3If5XVyE63XrIpRh.jpg','2026-04-16',7000.00,1,'pcs','dos',NULL,NULL),
(84,'Sprite 390ml','8992761002022',4000.00,5000.00,6,NULL,'images/IKpUui2Pp2Ed2PTEqAz2LMcNpad0DoRIKbAztYJV.png','2027-06-30',5000.00,1,'pcs','dos',NULL,NULL),
(85,'Harmony body wash 400ml','8993379286514',15000.00,16000.00,7,NULL,'images/aIarFeDN5imdVRp06tcudCdijvBJIaYT92hdzqSa.jpg','2027-07-07',16000.00,1,'pcs','dos',NULL,NULL),
(86,'Aqua gelas','8993130889053',17500.00,18000.00,7,'Note\r\nHarga perdos','images/EFqHnjyiKxRpuwrhzGEt5bWOtQtrzjosvYP9RLaR.jpg','2027-06-02',18000.00,1,'pcs','dos',NULL,NULL),
(87,'Minerale','8996001600375',5000.00,6000.00,1,NULL,NULL,'2025-08-06',6000.00,1,'pcs','dos',NULL,NULL),
(88,'Mpa','8271731737684',50000.00,6000.00,0,NULL,NULL,'2025-07-31',6000.00,1,'pcs','dos',NULL,NULL),
(89,'Cimori','8993200667215',5000.00,6000.00,0,NULL,NULL,'2025-07-31',6000.00,1,'pcs','dos',NULL,NULL);
/*!40000 ALTER TABLE `produk` ENABLE KEYS */;
UNLOCK TABLES;

--
-- Table structure for table `reseller`
--

DROP TABLE IF EXISTS `reseller`;
/*!40101 SET @saved_cs_client     = @@character_set_client */;
/*!40101 SET character_set_client = utf8mb4 */;
CREATE TABLE `reseller` (
  `id` bigint(20) unsigned NOT NULL AUTO_INCREMENT,
  `email` varchar(100) NOT NULL,
  `name` varchar(100) NOT NULL,
  `password` varchar(255) NOT NULL,
  `role` enum('reseller') NOT NULL,
  `foto` varchar(255) DEFAULT NULL,
  `alamat` varchar(255) DEFAULT NULL,
  `phone` varchar(15) DEFAULT NULL,
  `created_at` timestamp NULL DEFAULT NULL,
  `updated_at` timestamp NULL DEFAULT NULL,
  PRIMARY KEY (`id`),
  UNIQUE KEY `reseller_email_unique` (`email`),
  UNIQUE KEY `reseller_phone_unique` (`phone`)
) ENGINE=InnoDB AUTO_INCREMENT=3 DEFAULT CHARSET=utf8mb4 COLLATE=utf8mb4_unicode_ci;
/*!40101 SET character_set_client = @saved_cs_client */;

--
-- Dumping data for table `reseller`
--

LOCK TABLES `reseller` WRITE;
/*!40000 ALTER TABLE `reseller` DISABLE KEYS */;
INSERT INTO `reseller` VALUES
(1,'reseller1@gmail.com','Reseller 1','$2y$12$V3Os7kmHrSdn10uPZQJUyeFiPl1EFYaXYJSZr2laIr3OD6/p.y5Pm','reseller',NULL,NULL,NULL,'2025-07-29 23:49:54','2025-07-29 23:49:54'),
(2,'reseller2@gmail.com','Reseller 2','$2y$12$HIqtNnLNHpH0wlcmqevGL.JK9WJ9u5hVxDbKM9tYtw3aX9jWR2xNS','reseller',NULL,NULL,NULL,'2025-07-29 23:49:54','2025-07-29 23:49:54');
/*!40000 ALTER TABLE `reseller` ENABLE KEYS */;
UNLOCK TABLES;

--
-- Table structure for table `restock`
--

DROP TABLE IF EXISTS `restock`;
/*!40101 SET @saved_cs_client     = @@character_set_client */;
/*!40101 SET character_set_client = utf8mb4 */;
CREATE TABLE `restock` (
  `id` bigint(20) unsigned NOT NULL AUTO_INCREMENT,
  `id_produk` bigint(20) unsigned NOT NULL,
  `created_at` timestamp NULL DEFAULT NULL,
  `updated_at` timestamp NULL DEFAULT NULL,
  PRIMARY KEY (`id`),
  KEY `restock_id_produk_foreign` (`id_produk`),
  CONSTRAINT `restock_id_produk_foreign` FOREIGN KEY (`id_produk`) REFERENCES `produk` (`id`) ON DELETE CASCADE
) ENGINE=InnoDB DEFAULT CHARSET=utf8mb4 COLLATE=utf8mb4_unicode_ci;
/*!40101 SET character_set_client = @saved_cs_client */;

--
-- Dumping data for table `restock`
--

LOCK TABLES `restock` WRITE;
/*!40000 ALTER TABLE `restock` DISABLE KEYS */;
/*!40000 ALTER TABLE `restock` ENABLE KEYS */;
UNLOCK TABLES;

--
-- Table structure for table `sessions`
--

DROP TABLE IF EXISTS `sessions`;
/*!40101 SET @saved_cs_client     = @@character_set_client */;
/*!40101 SET character_set_client = utf8mb4 */;
CREATE TABLE `sessions` (
  `id` varchar(255) NOT NULL,
  `user_id` bigint(20) unsigned DEFAULT NULL,
  `ip_address` varchar(45) DEFAULT NULL,
  `user_agent` text DEFAULT NULL,
  `payload` longtext NOT NULL,
  `last_activity` int(11) NOT NULL,
  PRIMARY KEY (`id`),
  KEY `sessions_user_id_index` (`user_id`),
  KEY `sessions_last_activity_index` (`last_activity`)
) ENGINE=InnoDB DEFAULT CHARSET=utf8mb4 COLLATE=utf8mb4_unicode_ci;
/*!40101 SET character_set_client = @saved_cs_client */;

--
-- Dumping data for table `sessions`
--

LOCK TABLES `sessions` WRITE;
/*!40000 ALTER TABLE `sessions` DISABLE KEYS */;
INSERT INTO `sessions` VALUES
('8Yls5YYksl8pxsyYvyE5dciDFQRquPD4afu2Yrpq',1,'127.0.0.1','Mozilla/5.0 (X11; Linux x86_64; rv:140.0) Gecko/20100101 Firefox/140.0','YTo0OntzOjY6Il90b2tlbiI7czo0MDoiaGVUUXE4ZDZvYkZ0Ykx2MTcyMHB4UERHbFFQdDgwT3ZqTUlXeDlCeSI7czo2OiJfZmxhc2giO2E6Mjp7czozOiJuZXciO2E6MDp7fXM6Mzoib2xkIjthOjA6e319czo5OiJfcHJldmlvdXMiO2E6MTp7czozOiJ1cmwiO3M6NDI6Imh0dHA6Ly9sb2NhbGhvc3Q6ODAwMC9hZG1pbnRva28vcGVyc2VkaWFhbiI7fXM6NTA6ImxvZ2luX3dlYl81OWJhMzZhZGRjMmIyZjk0MDE1ODBmMDE0YzdmNThlYTRlMzA5ODlkIjtpOjE7fQ==',1753861829),
('aWbdFTuHC5aWE1SUIGYuhn9qLlPO8AqGjsI2uxnT',NULL,'127.0.0.1','Mozilla/5.0 (X11; Linux x86_64; rv:140.0) Gecko/20100101 Firefox/140.0','YTo0OntzOjY6Il90b2tlbiI7czo0MDoiT1VhdjVreVZmeWFleWtsbmtVZkpGc3NHOHRvTmpvOWhvYlBmMElUYSI7czo2OiJfZmxhc2giO2E6Mjp7czozOiJuZXciO2E6MDp7fXM6Mzoib2xkIjthOjA6e319czo5OiJfcHJldmlvdXMiO2E6MTp7czozOiJ1cmwiO3M6Mzg6Imh0dHA6Ly9sb2NhbGhvc3Q6ODAwMC9yZXNlbGxlci9rYXRhbG9nIjt9czo1NToibG9naW5fcmVzZWxsZXJfNTliYTM2YWRkYzJiMmY5NDAxNTgwZjAxNGM3ZjU4ZWE0ZTMwOTg5ZCI7aToxO30=',1753861808),
('OvHwOvJ9gvF8YNB251QSUQIniKV4zS3IWlucyKge',2,'127.0.0.1','Mozilla/5.0 (X11; Linux x86_64; rv:140.0) Gecko/20100101 Firefox/140.0','YTo0OntzOjY6Il90b2tlbiI7czo0MDoiVGNWV2N4OFhHU211blptZ0NqR1RRYXg3aGtlZ2NFQVBJdVVXemZWMSI7czo2OiJfZmxhc2giO2E6Mjp7czozOiJuZXciO2E6MDp7fXM6Mzoib2xkIjthOjA6e319czo5OiJfcHJldmlvdXMiO2E6MTp7czozOiJ1cmwiO3M6NTE6Imh0dHA6Ly9sb2NhbGhvc3Q6ODAwMC9hZG1pbmd1ZGFuZy9sYXBvcmFuLXBlbmp1YWxhbiI7fXM6NTA6ImxvZ2luX3dlYl81OWJhMzZhZGRjMmIyZjk0MDE1ODBmMDE0YzdmNThlYTRlMzA5ODlkIjtpOjI7fQ==',1753861840);
/*!40000 ALTER TABLE `sessions` ENABLE KEYS */;
UNLOCK TABLES;

--
-- Table structure for table `transaksi`
--

DROP TABLE IF EXISTS `transaksi`;
/*!40101 SET @saved_cs_client     = @@character_set_client */;
/*!40101 SET character_set_client = utf8mb4 */;
CREATE TABLE `transaksi` (
  `id` bigint(20) unsigned NOT NULL AUTO_INCREMENT,
  `id_reseller` bigint(20) unsigned DEFAULT NULL,
  `id_kurir` bigint(20) unsigned DEFAULT NULL,
  `status` enum('pending','diproses','dikirim','ditolak','diterima','selesai','batal') NOT NULL DEFAULT 'pending',
  `status_pembayaran` enum('belum_bayar','lunas') NOT NULL DEFAULT 'belum_bayar',
  `metode_pembayaran` enum('cod','transfer','tunai') NOT NULL,
  `bukti_pembayaran` varchar(255) DEFAULT NULL,
  `tanggal` timestamp NOT NULL DEFAULT current_timestamp(),
  `created_at` timestamp NULL DEFAULT NULL,
  `updated_at` timestamp NULL DEFAULT NULL,
  PRIMARY KEY (`id`),
  KEY `transaksi_id_reseller_foreign` (`id_reseller`),
  KEY `transaksi_id_kurir_foreign` (`id_kurir`),
  CONSTRAINT `transaksi_id_kurir_foreign` FOREIGN KEY (`id_kurir`) REFERENCES `users` (`id`) ON DELETE CASCADE,
  CONSTRAINT `transaksi_id_reseller_foreign` FOREIGN KEY (`id_reseller`) REFERENCES `reseller` (`id`) ON DELETE CASCADE
) ENGINE=InnoDB AUTO_INCREMENT=14 DEFAULT CHARSET=utf8mb4 COLLATE=utf8mb4_unicode_ci;
/*!40101 SET character_set_client = @saved_cs_client */;

--
-- Dumping data for table `transaksi`
--

LOCK TABLES `transaksi` WRITE;
/*!40000 ALTER TABLE `transaksi` DISABLE KEYS */;
INSERT INTO `transaksi` VALUES
(1,1,4,'selesai','lunas','cod',NULL,'2025-06-24 22:06:16','2025-06-24 22:06:16','2025-06-24 22:32:31'),
(2,2,5,'dikirim','lunas','transfer','bukti_pembayaran/V0vxyPJG0uWE1nS77J7nT4cxa7VDkEMNUjFn8RNJ.jpg','2025-06-24 22:08:34','2025-06-24 22:08:34','2025-07-27 12:21:11'),
(3,3,4,'selesai','lunas','cod',NULL,'2025-06-24 22:15:15','2025-06-24 22:15:15','2025-06-24 22:32:14'),
(4,4,5,'selesai','lunas','transfer','bukti_pembayaran/9ADWLPxBGekitxlI3ARQv33rIiSDvBTZNnQqbXnO.jpg','2025-06-24 22:22:06','2025-06-24 22:22:06','2025-06-24 22:31:52'),
(5,3,4,'selesai','lunas','cod',NULL,'2025-06-25 08:33:35','2025-06-25 08:33:35','2025-06-25 08:59:05'),
(6,4,5,'selesai','lunas','cod',NULL,'2025-06-25 08:36:42','2025-06-25 08:36:42','2025-06-25 08:59:20'),
(7,1,4,'selesai','lunas','cod',NULL,'2025-06-25 08:38:19','2025-06-25 08:38:19','2025-06-25 08:58:49'),
(8,2,5,'selesai','lunas','cod',NULL,'2025-06-25 08:52:31','2025-06-25 08:52:31','2025-06-25 08:59:43'),
(9,4,4,'selesai','lunas','transfer','bukti_pembayaran/PX4N1WYhUftdhsvS6x4qIXHjiPtVOAw8Fx62ipeY.jpg','2025-06-26 00:25:26','2025-06-26 00:25:26','2025-06-26 00:28:20'),
(10,1,NULL,'pending','belum_bayar','transfer',NULL,'2025-07-16 02:00:54','2025-07-16 02:00:54','2025-07-16 02:00:54'),
(11,1,4,'selesai','lunas','cod',NULL,'2025-07-16 02:05:13','2025-07-16 02:05:13','2025-07-16 02:17:02'),
(12,1,NULL,'diproses','belum_bayar','cod',NULL,'2025-07-27 11:11:50','2025-07-27 11:11:50','2025-07-27 11:11:50'),
(13,1,NULL,'diproses','belum_bayar','cod',NULL,'2025-07-27 11:30:09','2025-07-27 11:30:09','2025-07-27 11:30:09');
/*!40000 ALTER TABLE `transaksi` ENABLE KEYS */;
UNLOCK TABLES;

--
-- Table structure for table `users`
--

DROP TABLE IF EXISTS `users`;
/*!40101 SET @saved_cs_client     = @@character_set_client */;
/*!40101 SET character_set_client = utf8mb4 */;
CREATE TABLE `users` (
  `id` bigint(20) unsigned NOT NULL AUTO_INCREMENT,
  `email` varchar(100) NOT NULL,
  `name` varchar(100) NOT NULL,
  `password` varchar(255) NOT NULL,
  `role` enum('admintoko','admingudang','pemiliktoko','reseller','kurir') NOT NULL,
  `phone` varchar(15) DEFAULT NULL,
  `alamat` varchar(255) DEFAULT NULL,
  `foto` varchar(255) DEFAULT NULL,
  `created_at` timestamp NULL DEFAULT NULL,
  `updated_at` timestamp NULL DEFAULT NULL,
  PRIMARY KEY (`id`),
  UNIQUE KEY `users_email_unique` (`email`),
  UNIQUE KEY `users_phone_unique` (`phone`)
) ENGINE=InnoDB AUTO_INCREMENT=6 DEFAULT CHARSET=utf8mb4 COLLATE=utf8mb4_unicode_ci;
/*!40101 SET character_set_client = @saved_cs_client */;

--
-- Dumping data for table `users`
--

LOCK TABLES `users` WRITE;
/*!40000 ALTER TABLE `users` DISABLE KEYS */;
INSERT INTO `users` VALUES
(1,'admintoko@example.com','admin toko','$2y$12$L61o4A2OTRft8hRyoka1Ju9NnIXyfqMJBjt5fmtyMsVvrPjI4Mxaa','admintoko','082083813725',NULL,NULL,NULL,NULL),
(2,'admingudang@example.com','admin gudang','$2y$12$5IDWwDoJZIHSQsBxbhubi.XnjRPi5R78/5pZPxwAweZcELcFM0zUi','admingudang','082092992616',NULL,NULL,NULL,NULL),
(3,'pemiliktoko@example.com','pemilik toko','$2y$12$ZngOjVBgVoHzuEzHUcaEr.YXgpQJ58aVKSrfYfVSm96Py.k9IRcla','pemiliktoko','082067437196',NULL,NULL,NULL,NULL),
(4,'kurir1@example.com','Kurir 1','$2y$12$ooy1R3mPWc/W9SKASTqQKuu/ZrGUY5bcZdmRtJGZqMjmvGnMdr5K.','kurir','082000767113',NULL,NULL,NULL,NULL),
(5,'kurir2@example.com','Kurir 2','$2y$12$BlYDlB4P2Wf5yn5BgENszuc3cp4EGEbZOfC9InrKt.oTYZfzhZeiO','kurir','082047824451',NULL,NULL,NULL,NULL);
/*!40000 ALTER TABLE `users` ENABLE KEYS */;
UNLOCK TABLES;
/*!40103 SET TIME_ZONE=@OLD_TIME_ZONE */;

/*!40101 SET SQL_MODE=@OLD_SQL_MODE */;
/*!40014 SET FOREIGN_KEY_CHECKS=@OLD_FOREIGN_KEY_CHECKS */;
/*!40014 SET UNIQUE_CHECKS=@OLD_UNIQUE_CHECKS */;
/*!40101 SET CHARACTER_SET_CLIENT=@OLD_CHARACTER_SET_CLIENT */;
/*!40101 SET CHARACTER_SET_RESULTS=@OLD_CHARACTER_SET_RESULTS */;
/*!40101 SET COLLATION_CONNECTION=@OLD_COLLATION_CONNECTION */;
/*!40111 SET SQL_NOTES=@OLD_SQL_NOTES */;

-- Dump completed on 2025-07-30 15:52:20
